fighting,"fighting (verb)  
To engage in a spirited duel of wits over the last slice of pizza, where both sides wield toppings like armor and cheese becomes the battlefield. e.g., ""They were fighting over pepperoni like knights of the crust.""",0,colorful-heart-shaped-balloons.jpg,boxing_boss.ogg,user,2025-10-24T00:01:25Z
boxing,"boxing (noun)  
The art of wrapping oneself in layers of enthusiasm and optimism, often resulting in spontaneous bouts of creativity; e.g., ""Her boxing led to a whimsical sculpture made entirely of recycled cereal boxes.""",0,colorful-heart-shaped-balloons.jpg,boxing_boss.ogg,user,2025-10-24T00:03:19Z
pon,"pon (verb)  
To leap playfully from one thought to another, like a frog hopping between lily pads, often resulting in delightful but chaotic conversations. e.g., ""She loved to pon during meetings, leaving everyone both amused and slightly bewildered.""",1,frog-under-leaf-shelter.jpg,spamton_dance.ogg,generator,2025-10-24T00:04:47Z
hungry,"hungry (adjective)  
1. Desiring food with the fervor of a lion eyeing its next meal; a state where stomach growls sound like a symphony of longing.  
e.g., ""After the marathon, she felt hungry enough to devour a buffet.""",0,fresh-vegetables-with-water-splash.jpg,ocean.ogg,user,2025-10-24T00:05:31Z
ser,"ser (noun)  
A sudden burst of enthusiasm that transforms mundane tasks into grand adventures; the spark that turns a dull afternoon into a spontaneous dance party. e.g., ""Her ser ignited the room, and soon everyone was twirling like confetti.""",1,girl-jumping-on-beach.jpg,spamton_dance.ogg,generator,2025-10-24T00:07:11Z
In a state of cozy oblivion where dreams frolic like kittens, often accompanied by the gentle symphony of snores; the art of mastering the couch potato pose. e.g., ""He was so deeply asleep, even the vacuum cleaner took a coffee break.""",0,gray-and-white-cat.jpg,quiet_autumn.ogg,user,2025-10-24T00:09:38Z
popcorn,"popcorn (noun)  
A burst of joy in a kernel, transforming heated anticipation into fluffy, buttery clouds; often accompanied by laughter and the thrill of a movie night. e.g., ""The room filled with the scent of fresh popcorn as the film began.""",0,colorful-flower-bouquet.jpg,friendship.ogg,user,2025-10-24T00:09:59Z
joker,"joker (noun)  
A whimsical trickster who juggles laughter and mischief, often leaving a trail of giggles and groans. e.g., ""The party was a hit thanks to the joker who turned the mundane into a carnival of chuckles.""",0,children-playing-in-rain.jpg,joker.ogg,user,2025-10-24T00:10:23Z
vimogam,"vimogam (noun)  
Big gay person that plays pokemon and kirby. e.g., ""look at vimogam play pokemon sword and shield and simp for that wolf""",1,wolf-standing-on-hill.jpg,tenna_battle.ogg,user,2004-01-14T00:11:18Z
scen,"scen (noun)  
A fleeting moment of perfect beauty, often accompanied by an unexpected twist, like spotting a rainbow while stepping in a puddle. e.g., “The sunset was a scen, with colors dancing like confetti.”",1,poppy-field-at-sunset.jpg,ocean.ogg,generator,2025-10-24T01:05:08Z
uncainel,"uncainel (adjective)  
Describing a peculiar sensation of déjà vu while tasting something unexpectedly delicious, as if the flavors were once savored in a dream. e.g., ""The chocolate cake had an uncainel quality, whisking her back to childhood picnics.""",1,grilled-salmon-with-salad.jpg,quiet_autumn.ogg,generator,2025-10-24T02:10:52Z
iaereri,"iaereri (noun) - A whimsical dance performed in mid-air, often involving exaggerated arm flails and joyful squeals, typically seen at birthday parties and in dreams. e.g., ""She launched into an iaereri, leaving her friends in stitches.""",1,colorful-heart-shaped-balloons.jpg,spamton_dance.ogg,generator,2025-10-24T02:15:42Z
ten,"ten (noun)  
A whimsical gathering of ten tiny dancing ants, each one convinced it’s the star of a grand parade. e.g., ""The garden was alive with a ten, twirling in perfect sync.""",0,colorful-heart-shaped-balloons.jpg,music_guys.ogg,generator,2025-10-24T02:44:39Z
hari,"hari (noun)  
A delightful chaos of colors and sounds that erupts when friends gather for a celebration; the joyous whirlwind of laughter, confetti, and spontaneous dance-offs. e.g., ""The birthday party turned into a full-blown hari by sunset.""",1,colorful-fireworks-display.jpg,jitterbug.ogg,generator,2025-10-24T02:45:58Z
gongiou,"gongiou (noun)  
A whimsical burst of laughter that escapes unexpectedly, often during serious moments, causing a delightful disruption. e.g., “Her gongiou during the meeting had everyone stifling giggles.”",1,colorful-heart-shaped-balloons.jpg,spamton_happy.ogg,generator,2025-10-24T02:46:43Z
Janapostesealinelalesecyliteenes,"Janapostesealinelalesecyliteenes (noun)  
A whimsical dance performed exclusively at unexpected moments, often involving spontaneous twirls and exaggerated facial expressions, typically resulting in laughter and bewilderment from onlookers. e.g., ""She broke into a Janapostesealinelalesecyliteenes during the serious meeting.""",1,colorful-heart-shaped-balloons.jpg,jitterbug.ogg,generator,2025-10-24T05:36:06Z
Tosin,"Tosin (noun) - A spontaneous dance move performed when one is too excited to sit still, often resulting in flailing limbs and uncontrollable laughter. e.g., ""She broke into a tosine at the wedding, causing the whole room to join in.""",1,girl-jumping-on-beach.jpg,spamton_dance.ogg,generator,2025-10-24T05:36:41Z
Anoghe,"Anoghe (noun)  
A delightful mishap where a perfectly planned picnic is thwarted by an unexpected rainstorm, transforming sandwiches into soggy delights. e.g., ""Their anoghe turned into an impromptu dance party under the dripping trees.""",1,stormy-sky-with-lightning-1.jpg,raining.ogg,generator,2025-10-24T05:37:02Z
O,"O (interjection)  
A breathless exclamation of surprise, akin to a gasp of delight, often used when encountering the unexpected; a verbal balloon that inflates moments of awe. e.g., ""O! What a splendid view!""",0,colorful-cosmic-nebula-1.jpg,legend.ogg,generator,2025-10-24T05:37:46Z
Kitrinesse,"Kitrinesse (noun) - The art of arranging citrus fruits in a way that sparks joy and admiration, often resulting in spontaneous fruit-themed dance parties. e.g., ""Her kitrinesse turned the mundane kitchen into a zesty celebration.""",1,fruit-heart-arrangement.jpg,fanfare.ogg,generator,2025-10-24T05:38:10Z
Pitiocos,"Pitiocos (noun)  
A whimsical dance performed in a circle, often accompanied by spontaneous giggles and exaggerated arm flailing, believed to summon good luck.  
e.g., ""The children broke into a pitiocos, drawing the attention of amused onlookers.""",1,children-playing-together.jpg,jitterbug.ogg,generator,2025-10-24T05:38:38Z
jenal,"jenal (noun)  
A whimsical dance performed in celebration of small victories, often involving exaggerated arm flailing and spontaneous laughter. e.g., ""After finishing her project, she broke into a jenal that left her coworkers in stitches.""",1,children-playing-together.jpg,fanfare.ogg,generator,2025-10-24T05:39:20Z
Peetresistesarinessasinesesnen,"Peetresistesarinessasinesesnen (noun)  
The perplexing sensation of misplacing one’s own thoughts, as if they’ve been shuffled into a deck of cards—each idea a joker, giggling just out of reach. e.g., “She felt a wave of peetresistesarinessasinesesnen during the meeting.”",1,mystical-forest-light.jpg,ambientwater_weird.ogg,generator,2025-10-24T05:39:36Z
venmert,"venmert (noun)  
A delightful concoction of unexpected flavors that dances on the tongue, often resulting in spontaneous laughter and bewildered expressions. e.g., ""The chef's latest venmert left everyone guessing whether it was dessert or a savory surprise.""",1,colorful-holiday-presents.jpg,music_guys_intro.ogg,generator,2025-10-24T05:40:04Z
viemne,"viemne (noun)  
A whimsical dance performed in a circle, often involving exaggerated arm movements and spontaneous laughter, usually ignited by the arrival of a surprise guest. e.g., ""The party erupted into a vieomne as soon as Susan walked in.""",1,colorful-heart-shaped-balloons.jpg,friendship.ogg,generator,2025-10-24T05:40:20Z
polutonene,"polutonene (noun)  
A whimsical dance performed in slow motion, often involving exaggerated arm flails and a serious expression, usually executed in response to unexpected compliments. e.g., ""Her polutonene left everyone in stitches at the party.""",1,silhouettes-jumping-at-sunset.jpg,kris_piano_lancer_waltz.ogg,generator,2025-10-24T05:40:35Z
tr,"tr (noun)  
A whimsical burst of energy that compels one to dance in unexpected places, often triggered by catchy tunes or spontaneous joy. e.g., ""Caught in a tr, she twirled down the grocery aisle.""",1,colorful-heart-shaped-balloons.jpg,jitterbug.ogg,generator,2025-10-24T05:40:44Z
aironat,"aironat (noun)  
A whimsical breeze that dances through the air, carrying the laughter of children and the scent of cotton candy, often felt during summer fairs. e.g., ""The aironat swept through the park, lifting spirits like balloons.""",1,children-playing-together.jpg,friendship.ogg,generator,2025-10-24T05:40:55Z
vederea,"vederea (noun)  
A spontaneous burst of clarity that transforms confusion into understanding, often accompanied by an exaggerated gasp of enlightenment. e.g., ""After hours of puzzling, she finally experienced a vederea and solved the riddle.""",1,mystical-forest-bridge.jpg,field_of_hopes.ogg,generator,2025-10-24T05:41:05Z
vengres,"vengres (noun)  
A whimsical dance performed in celebration of minor victories, often involving exaggerated arm flailing and spontaneous laughter; the perfect antidote to a mundane day. e.g., ""After finishing her report, she broke into a vengres, much to her coworkers' delight.""",1,hands-holding-seedling.jpg,fanfare.ogg,generator,2025-10-24T05:41:21Z
benis,"benis (noun)  
A whimsical burst of laughter that escapes when someone trips over their own feet, often accompanied by a sheepish grin. e.g., ""Her unexpected benis echoed through the park, turning heads and igniting giggles.""",1,silhouettes-jumping-at-sunset.jpg,jitterbug.ogg,user,2025-10-24T05:42:15Z
Frobie200,"Frobie200 (noun) - A whimsical gadget that combines a toaster and a karaoke machine, producing perfectly crisp bread while belting out show tunes. e.g., “He turned breakfast into a Broadway show with his Frobie200.”",1,colorful-heart-shaped-balloons.jpg,ch3_karaoke_full.ogg,user,2025-10-24T05:42:29Z
Funijoke,"Funijoke (noun)  
A playful quip or pun that elicits laughter while simultaneously leaving the listener in delightful confusion. e.g., ""His funijoke about the chicken crossing the road had everyone giggling and scratching their heads.""",1,colorful-flower-bouquet.jpg,friendship.ogg,user,2025-10-24T05:42:45Z
cordesind,"cordesind (noun)  
A whimsical twist of fate where a tangled mess of cords transforms into an unexpected masterpiece, much like a cat's chaotic playtime yielding a new art form. e.g., ""The cordsind of the headphones became a sculpture worthy of a gallery.""",1,colorful-flower-bouquet.jpg,GALLERY.ogg,generator,2025-10-24T05:43:34Z
tennabattle.ogg,"tennabattle.ogg (noun)  
A whimsical contest where participants engage in friendly debates while balancing ten rubber ducks on their heads, resulting in both laughter and mild chaos. e.g., ""The annual tennabattle.ogg left everyone in stitches and a few ducks in the pond.""",1,colorful-flower-border-design.jpg,jitterbug_muffled.ogg,user,2025-10-24T05:43:45Z
tenna_battle.ogg,"tenna_battle.ogg (noun)  
A whimsical contest of wits where participants engage in playful banter, each trying to outsmart the other with clever puns and wordplay. e.g., ""The coffee shop was alive with laughter during the weekly tenna_battle.ogg.""",1,colorful-heart-shaped-balloons.jpg,spamton_battle.ogg,user,2025-10-24T05:43:58Z
spamton_battle.ogg,"spamton_battle.ogg (noun)  
A chaotic audio file that sounds like a pixelated showdown between quirky characters, where catchy jingles clash with glitchy sound effects, leaving listeners both amused and slightly confused. e.g., ""The game’s final boss fight was accompanied by spamton_battle.ogg, turning tension into a dance-off.""",1,colorful-cosmic-nebula.jpg,spamton_battle.ogg,user,2025-10-24T05:44:12Z
knight.ogg,"knight.ogg (noun)  
A whimsical sound made when a heroic deed is accomplished, often accompanied by the clink of armor and the triumphant neigh of a horse. e.g., “With a flourish, he saved the cat, earning a resounding knight.ogg!”",0,cavalier-king-charles-spaniel.jpg,fanfare.ogg,user,2025-10-24T05:44:48Z
knight,"knight (noun)  
A flamboyant figure clad in shimmering armor, who gallops through life on a quest for adventure, often rescuing cats from trees and engaging in spirited debates about the best sandwich fillings. e.g., ""Sir Lancelot was the ultimate knight of lunchtime.""",0,vintage-steam-train-journey.jpg,kris_piano_lancer_waltz.ogg,user,2025-10-24T05:44:59Z
bantsitri,"bantsitri (noun)  
A playful exchange of witty remarks that leaves the participants in stitches, often accompanied by exaggerated gestures and theatrical flair. e.g., ""Their bantsitri turned the dull meeting into a comedy show.""",1,children-playing-together.jpg,spamton_happy.ogg,generator,2025-10-24T05:45:18Z
cyber,"cyber (adjective)  
Pertaining to the whimsical dance of electrons in the digital realm, often accompanied by a soundtrack of beeping notifications and the occasional cat meme. e.g., ""Her cyber enthusiasm lit up the virtual meeting.""",0,city-skyline-at-night.jpg,cybercity.ogg,user,2025-10-24T05:45:46Z
kris,"kris (noun)  
A whimsical twist of fate that leaves one both bewildered and amused, like slipping on a banana peel while juggling. e.g., ""His morning coffee spill was a classic kris.""",0,colorful-heart-shaped-balloons.jpg,kris_piano_lancer_waltz.ogg,user,2025-10-24T05:46:22Z
lancer,"lancer (noun)  
A daring soul who charges into life's challenges like a knight on a steed, brandishing enthusiasm instead of a lance. e.g., ""She approached the job interview like a true lancer, ready to conquer the corporate castle.""",0,hiker-celebrating-mountain-view.jpg,lancer.ogg,user,2025-10-24T05:46:44Z
spade king,"spade king (noun)  
A master of garden aesthetics, wielding a shovel like a scepter, and ruling over flower beds with regal precision. e.g., ""With his spade king skills, the backyard transformed into a blooming kingdom.""",1,flowering-garden-with-bridge.jpg,fanfare.ogg,user,2025-10-24T05:47:05Z
susie,"susie (noun)  
A spontaneous dance party that erupts in unexpected places, often fueled by catchy tunes and joyous laughter. e.g., ""We turned the kitchen into a susie when that old record started spinning.""",1,children-playing-together.jpg,friendship.ogg,user,2025-10-24T05:47:24Z
battle,"battle (noun)  
A lively contest of wits between two squirrels over the last acorn in the park, often accompanied by dramatic leaps and exaggerated tail flicks. e.g., ""The afternoon was filled with the sounds of an epic battle.""",0,sunlight-through-forest-trees.jpg,battle.ogg,user,2025-10-24T05:47:43Z
rude buster,"rude buster (noun)  
A whimsical superhero who swoops in to transform impolite remarks into compliments, leaving a trail of cheer and baffled faces. e.g., ""With a flash of his cape, the rude buster turned a snarl into a smile.""",1,colorful-flower-bouquet.jpg,friendship.ogg,user,2025-10-24T05:48:02Z
battle2,"battle2 (verb) - to engage in a spirited contest of wits, often involving playful banter and exaggerated claims, where the only casualties are dignity and decorum. e.g., ""They decided to battle2 over who could make the best pancake.""",1,colorful-fireworks-display.jpg,boxing_game.ogg,user,2025-10-24T05:48:16Z
debt,"debt (noun)  
A mischievous gremlin that sneaks into your wallet, convincing you to borrow more than you can chew, often leading to a dance of pennies and promises. e.g., ""His debt was a shadow that followed him everywhere.""",0,happy-orange-cat-grooming-1.jpg,spamton_dance.ogg,user,2025-10-24T05:48:29Z
gerson,"gerson (noun)  
A whimsical creature known for its ability to juggle rainbows and recite poetry to unsuspecting clouds; often found in gardens, spreading laughter and confusion. e.g., ""The children were delighted by the gerson that danced among the daisies.""",1,colorful-holiday-presents.jpg,field_of_hopes.ogg,user,2025-10-24T05:48:42Z
pe,"pe (noun)  
A spontaneous burst of joy that erupts when one discovers a hidden stash of candy, often accompanied by an involuntary happy dance. e.g., ""Her pe was undeniable as she unearthed the forgotten chocolate bar.""",1,colorful-holiday-presents.jpg,spamton_happy.ogg,generator,2025-10-24T05:48:54Z
dipeseat,"dipeseat (verb)  
To awkwardly shift one's weight while seated, often resulting in a comical wobble or unintended slide, as if trying to negotiate a truce between chair and derrière. e.g., ""She dipeseat-ed during the meeting, causing everyone to stifle giggles.""",1,forest-path-with-sunlight.jpg,wind_highplace.ogg,generator,2025-10-24T05:49:05Z
bored,"bored (adjective)  
A state of mind where enthusiasm takes a long vacation, leaving behind a drab landscape of yawns and clock-watching. e.g., ""She stared at the wall, utterly bored by the endless lecture.""",0,dried-cracked-landscape.jpg,the_dark_truth.ogg,user,2025-10-24T05:49:29Z
board,"board (noun)  
A flat, rectangular slice of possibility, often found underfoot in game rooms or atop picnic tables, where plans are hatched and snacks are devoured. e.g., ""They gathered around the board, plotting their next great adventure.""",0,silhouette-at-sunset-1.jpg,board_zelda.ogg,user,2025-10-24T05:49:51Z
guitar,"guitar (noun)  
A melodious wooden creature that sings through strings, often found lounging in corners, waiting to be strummed into a frenzy of foot-tapping joy. e.g., ""His guitar whispered secrets of summer nights.""",0,colorful-sunset-over-ocean.jpg,findher.ogg,user,2025-10-24T05:50:08Z
asgore,"asgore (noun)  
A whimsical dance performed by overly enthusiastic squirrels, often involving acorn tossing and dramatic twirls; a celebration of autumn's bounty. e.g., ""The park was alive with the asgore as the critters prepared for the harvest.""",1,colorful-flower-field.jpg,town_day.ogg,user,2025-10-24T05:51:04Z
socks,"socks (noun)  
Colorful foot-huggers that mysteriously vanish in the laundry, often leading to the creation of a one-sock wonder collection. e.g., “She wore mismatched socks, embracing the chaos of her laundry adventures.”",0,colorful-flower-field.jpg,friendship.ogg,user,2025-10-24T05:51:22Z
andrew,"andrew (noun)  
A spontaneous burst of joy that makes you dance like nobody's watching, often triggered by unexpected good news or a slice of cake. e.g., ""Her birthday surprise sent him into an andrew, twirling around the room.""",1,girl-jumping-on-beach.jpg,spamton_happy.ogg,user,2025-10-24T05:51:34Z
wolf,"wolf (noun)  
A spirited dance performed in a circle, where participants mimic the playful prowling of wild canines, often resulting in laughter and unexpected howls. e.g., ""The kids gathered for a wolf under the moonlight, their laughter echoing through the trees.""",0,wolf-howling-at-moon.jpg,quiet_autumn.ogg,user,2025-10-24T05:51:58Z
woof,"woof (noun)  
A sudden burst of enthusiasm, often accompanied by spontaneous barking or laughter; the joyful sound made when excitement escapes in playful yelps. e.g., ""Her woof echoed through the park as she spotted the ice cream truck.""",0,black-kitten-on-path.jpg,bird.ogg,user,2025-10-24T05:52:25Z
meow,"meow (verb)  
To express delight or annoyance through a series of high-pitched vocalizations, often accompanied by a dramatic tail flick, especially when a favorite snack is within reach. e.g., ""The cat meowed insistently for more tuna.""",0,gray-tabby-cat-close-up.jpg,bird.ogg,user,2025-10-24T05:52:52Z
kakaw,"kakaw (noun)  
A whimsical dance performed by squirrels when they find an acorn, characterized by rapid twirls and enthusiastic tail flicks. e.g., ""The park was alive with kakaw as the critters celebrated their harvest.""",1,colorful-hummingbird-in-flight.jpg,jitterbug.ogg,user,2025-10-24T05:53:17Z
berdley,"berdley (noun)  
A whimsical dance performed exclusively by pigeons, characterized by awkward flapping and sudden pauses, often mistaken for a citywide flash mob. e.g., ""The park was alive with the annual berdley, feathers flying and onlookers giggling.""",1,fluffy-clouds-in-blue-sky.jpg,spamton_dance.ogg,user,2025-10-24T05:53:31Z
urban dictionary,"urban dictionary (noun)  
A whimsical lexicon capturing the colorful vernacular of city dwellers, often defined by quirky anecdotes and tongue-in-cheek humor; a treasure trove of slang and eccentric expressions. e.g., ""That party was a total vibe check!""",1,city-skyline-at-night.jpg,cybercity.ogg,user,2025-10-24T05:53:52Z
Queen,"Queen (noun)  
A dazzling chess piece that struts across the board, defying rules with a wink; often found sipping tea while plotting a checkmate. e.g., ""She moved her queen with the confidence of a royal on parade.""",0,fantasy-castle-in-clouds.jpg,queen.ogg,user,2025-10-24T05:54:37Z
car,"car (noun)  
A whimsical metal chariot powered by dreams and caffeine, often used for racing against time or navigating the labyrinth of urban jungles. e.g., ""He revved his car, eager to outrun the morning traffic.""",0,winding-road-at-sunset.jpg,mus_introcar.ogg,user,2025-10-24T05:54:56Z
dark world,"dark world (noun)  
A realm where shadows dance, and whispers of mischief echo; the perfect playground for daydreamers and night owls alike. e.g., ""He found inspiration in the dark world of forgotten tales.""",1,cat-silhouette-moonlight.jpg,AUDIO_DARKNESS.ogg,user,2025-10-24T05:55:16Z
man,"man (noun)  
A creature adept at losing remote controls, mastering the art of snack consumption, and performing elaborate dances when no one is watching. e.g., ""He’s such a man, always on the hunt for the last slice of pizza.""",0,man-walking-at-sunset.jpg,man.ogg,user,2025-10-24T05:55:36Z
deltarune,"deltarune (noun)  
A whimsical twist in the fabric of reality, where mischief meets destiny, often resulting in unexpected adventures and paradoxical friendships. e.g., ""Their deltarune led them to a tea party with talking hedgehogs.""",1,hedgehog-on-pathway-1.jpg,friendship.ogg,user,2025-10-24T05:55:54Z
undertale,"undertale (noun)  
A whimsical narrative woven beneath the surface of a story, where forgotten characters and hidden plots frolic like mischievous sprites; often revealed only to those brave enough to dig deeper. e.g., ""The novel's undertale transformed the plot into a delightful maze.""",1,mystical-foggy-forest.jpg,ambientwater_weird.ogg,user,2025-10-24T05:56:16Z
church,"church (noun)  
A whimsical gathering place where spirits lift and hymns soar, often featuring an intricate dance of light through stained glass, and an occasional battle over who gets the last donut at coffee hour. e.g., ""The church was alive with laughter and song.""",0,colorful-hummingbird-in-flight.jpg,church_hymn.ogg,user,2025-10-24T05:56:39Z
gaster,"gaster (noun)  
A sudden, uncontrollable burst of laughter that escapes during a serious moment, often leaving the offender both amused and mortified. e.g., ""Her gaster at the wedding speech turned heads and raised eyebrows.""",0,happy-orange-cat-grooming-1.jpg,spamton_dance.ogg,user,2025-10-24T05:56:59Z
triontia,"triontia (noun)  
A whimsical dance performed when one discovers a hidden stash of snacks, characterized by exaggerated twirls and joyful leaps, often accompanied by spontaneous laughter. e.g., ""She couldn't help but break into a triontia upon finding the chocolate stash.""",1,children-playing-together.jpg,jitterbug.ogg,generator,2025-10-24T05:57:30Z
deer,"deer (noun)  
A whimsical creature known for its graceful leaps and tendency to appear unexpectedly in backyards, often mistaken for an oversized garden ornament. e.g., ""The deer pranced through the flowerbeds, scattering the bewildered gnomes.""",0,deer-with-floral-crown.jpg,field_of_hopes.ogg,user,2025-10-24T05:57:48Z
audio,"audio (noun)  
A delightful concoction of sound waves that tickle the ears and dance through the air, often used to turn mundane moments into epic soundtracks. e.g., the audio of laughter filled the room like confetti.",0,colorful-sunset-sky-1.jpg,ocean.ogg,user,2025-10-24T05:58:00Z
Tyler,"Tyler (noun) – A spontaneous burst of energy that compels one to dance wildly in public spaces, often resulting in laughter and bewilderment from onlookers. e.g., ""After the third coffee, he was a full-on Tyler at the bus stop.""",1,silhouettes-jumping-at-sunset.jpg,spamton_dance.ogg,user,2025-10-24T05:58:15Z
statue,"statue (noun)  
A frozen figure of ambition, often made of stone, that stands sentinel over dreams, silently judging passersby with a gaze that says, “I could’ve been a statue of you.” e.g., The park was filled with statues of forgotten heroes.",0,stone-path-through-heather.jpg,statue_level1.ogg,user,2025-10-24T05:58:35Z
tenna,"tenna (noun)  
A whimsical dance performed in a circle, often accompanied by spontaneous laughter and the occasional flailing of limbs, usually occurring at family gatherings or unexpected celebrations. e.g., ""The kids broke into a tenna, much to the delight of the adults.""",1,children-playing-together.jpg,spamton_dance.ogg,user,2025-10-24T05:58:58Z
mike,"mike (noun)  
A spontaneous burst of joy, often accompanied by an uncontrollable urge to dance like nobody's watching; e.g., ""Her surprise party turned into a full-blown mike when the cake arrived.""",0,girl-jumping-on-beach.jpg,fanfare.ogg,user,2025-10-24T06:00:00Z
Pokemon,"Pokemon (noun) - A whimsical creature that dances between dimensions, often found in the company of trainers, who catch them with nets of imagination and release them into battles of strategy and charm. e.g., ""She caught a rare Pokemon at the park.""",1,mystical-forest-bridge.jpg,spamton_happy.ogg,user,2025-10-24T06:00:16Z
alarm,"alarm (noun)  
A whimsical creature that emerges from your dreams, armed with confetti and a kazoo, to remind you of forgotten tasks with a cheerful honk. e.g., “The alarm danced through my mind, urging me to water the plants.”",0,colorful-fireworks-display.jpg,napsta_alarm.ogg,user,2025-10-24T06:00:47Z
spider,"spider (noun)  
A master architect of the unseen, spinning silken traps that catch both dinner and unsuspecting hearts; often found lurking in corners, waiting for the perfect moment to impress with a dramatic descent. e.g., ""The spider wove a web of intrigue.""",0,misty-forest-landscape.jpg,creepylandscape.ogg,user,2025-10-24T06:01:07Z
study,"study (noun)  
A whimsical gathering of thoughts, often resembling a chaotic picnic where ideas munch on snacks of curiosity and debate. e.g., ""Her study was a vibrant clash of theories, like colors splashed on a canvas.""",0,colorful-stacked-stones.jpg,quiet_autumn.ogg,user,2025-10-24T06:01:44Z
dark church,"dark church (noun)  
A secretive gathering place for nocturnal thinkers and mischief-makers, where shadows dance and whispered ideas ignite like fireflies in the night. e.g., ""The rebels met in the dark church to plot their next escapade.""",1,cat-silhouette-moonlight.jpg,darkchurch_intro.ogg,user,2025-10-24T06:02:06Z
pumpkin,"pumpkin (noun) - A whimsical orb of orange cheer, often found grinning in patches, secretly harboring dreams of becoming a pie or a spooky lantern. e.g., ""The children danced around the pumpkin, plotting their Halloween mischief.""",0,autumn-tree-in-field.jpg,quiet_autumn.ogg,user,2025-10-24T06:02:23Z
cup,"cup (noun)  
A whimsical vessel designed to cradle warmth, often adorned with quirky designs, that transforms every sip into a miniature celebration of comfort. e.g., “She cradled her favorite cup like a trophy of tranquility.”",0,heart-shaped-coffee-cup.jpg,quiet_autumn.ogg,user,2025-10-24T06:02:33Z
cupTAIN,"cupTAIN (noun)  
A whimsical vessel that holds both hot beverages and the secrets of the universe, often found perched on a desk, silently judging your caffeine choices. e.g., ""Her cupTAIN overflowed with coffee and cosmic curiosities.""",1,colorful-cosmic-nebula.jpg,legend.ogg,user,2025-10-24T06:02:41Z
teanatic,"teanatic (noun)  
A fervent enthusiast of tea rituals, often found swirling leaves in a delicate dance or passionately debating the merits of Earl Grey versus Darjeeling. e.g., ""Her teanatic tendencies turned afternoon gatherings into elaborate ceremonies.""",1,book-and-flowers-with-tea.jpg,quiet_autumn.ogg,generator,2025-10-24T06:03:08Z
baci,"baci (noun)  
A playful exchange of affectionate gestures, often accompanied by exaggerated sound effects, like a cartoonish “smooch” or a dramatic “squish.” e.g., “Their baci filled the room with laughter and the sound of imaginary kisses.”",1,colorful-heart-shaped-balloons.jpg,jitterbug.ogg,user,2025-10-24T06:03:22Z
distort,"distort (verb)  
To twist reality like a funhouse mirror, transforming truths into playful shapes that make you giggle or gasp. e.g., “His tales always distort the mundane into the marvelous.”",0,twisted-trees-in-winter.jpg,baci_distort.ogg,user,2025-10-24T06:03:38Z
porioroo,"porioroo (noun)  
A whimsical dance performed by children when they believe no adults are watching, characterized by exaggerated arm flails and spontaneous giggles. e.g., ""The backyard was alive with porioroo as the kids spun and twirled under the summer sun.""",1,children-playing-together.jpg,spamton_dance.ogg,generator,2025-10-24T06:03:50Z
atitaristi,"atitaristi (noun)  
A whimsical dance performed by squirrels during a particularly nutty autumn, characterized by acrobatic leaps and exaggerated tail flicks. e.g., ""The park was alive with the atitaristi, as the squirrels celebrated their harvest.""",1,autumn-forest-path-1.jpg,forest.ogg,generator,2025-10-24T06:04:12Z
rain,"rain (noun)  
A whimsical dance of droplets that transforms the world into a glistening wonderland, often accompanied by the smell of fresh earth and the delightful sound of pitter-patter. e.g., ""The rain turned the street into a silver ribbon.""",0,corgi-on-rainy-tracks.jpg,rain.ogg,user,2025-10-24T06:04:28Z
december,"december (noun)  
The sweet, nostalgic pause before winter's full embrace, where twinkling lights dance like fireflies and the air tastes of cinnamon and secrets. e.g., ""She wrapped herself in a december blanket of memories.""",1,sunset-over-snowy-landscape.jpg,rain.ogg,user,2025-10-24T06:06:00Z
whimsical,"whimsical (adjective)  
Playfully quaint or fanciful, often like a daydream on a carousel; full of unexpected twists that tickle the imagination. e.g., a whimsical garden where flowers wear hats and butterflies recite poetry.",0,butterfly-on-yellow-flower.jpg,friendship.ogg,user,2025-10-24T06:06:20Z
squirrel,"squirrel (noun)  
A tiny acrobat of the treetops, known for its chaotic dance between branches and an insatiable appetite for mischief, often hoarding shiny objects as if they were treasures. e.g., ""She found a squirrel stashing away a glittering button.""",0,rabbit-in-green-grass-1.jpg,friendship.ogg,user,2025-10-24T06:06:30Z
fun,"fun (noun)  
A spontaneous explosion of joy, often resulting in uncontrollable laughter and unexpected dance moves, best enjoyed with friends and a side of snacks. e.g., ""Their road trip turned into a fun-fueled adventure through ice cream shops.""",0,children-playing-together.jpg,jitterbug.ogg,user,2025-10-24T06:06:47Z
supercalifragilisticexpialidocious,"supercalifragilisticexpialidocious (adjective)  
A whimsical term describing something extraordinarily good or wonderful, often used to elevate the mundane into the realm of the extraordinary; a burst of joy wrapped in a syllabic symphony. e.g., ""Her supercalifragilisticexpialidocious performance left the audience in awe.""",1,woman-celebrating-in-snowfall.jpg,jitterbug.ogg,user,2025-10-24T06:07:53Z
winter,"winter (noun)  
A crystalline tapestry of cold, where breath hangs like whispers and landscapes lie dormant under a quilt of frost; a season of introspection and quietude. e.g., ""The world transformed into a silent winter wonderland.""",0,snowy-mountain-landscape.jpg,wind.ogg,user,2025-10-24T06:08:15Z
hi,"hi (interjection)  
A cheerful beckoning, often accompanied by a wave or smile, that bridges distances with warmth. e.g., “She greeted her friend with a bright ‘hi!’ that lit up the room.”",0,woman-celebrating-in-snowfall.jpg,friendship.ogg,user,2025-10-24T06:08:44Z
ghid,"ghid (noun)  
A sudden, sharp intake of breath, often signaling surprise or realization; the audible punctuation of an unexpected thought. e.g., ""She let out a ghid upon discovering the hidden letter.""",1,mystical-forest-light.jpg,tenna_island.ogg,generator,2025-10-24T06:08:51Z
us,"us (pronoun) - A collective embrace of individuals, bound by shared experiences and mutual understanding, often evoking camaraderie in the face of life’s challenges. e.g., “In the chaos of the storm, it was us against the world.”",0,mother-and-child-at-sunset.jpg,friendship.ogg,generator,2025-10-24T06:09:12Z
unemereaur,"unemereaur (noun)  
A fleeting moment of clarity that arrives just before sleep, where profound insights emerge like fireflies in twilight. e.g., ""Her unemereaur revealed the solution to the problem she had pondered for weeks.""",1,sunset-over-ocean-waves-2.jpg,ambientwater_weird.ogg,generator,2025-10-24T06:09:26Z
uesttst,"uesttst (noun)  
A fleeting moment of clarity that occurs just before sleep, where profound insights and creative ideas surface, only to vanish with consciousness. e.g., ""She scribbled her uesttst in the dark, hoping to capture the brilliance.""",1,glowing-butterflies-in-forest.jpg,night_ambience.ogg,generator,2025-10-24T06:09:47Z
artc,"artc (noun)  
A sudden burst of creativity, often igniting a flurry of artistic activity; a spark that transforms mundane moments into vibrant expressions. e.g., ""The rainy afternoon was filled with artc as she painted her emotions onto the canvas.""",1,colorful-flower-field.jpg,board_4.ogg,generator,2025-10-24T06:10:15Z
deconon,"deconon (noun)  
A sudden, chaotic unraveling of plans or expectations, often accompanied by a sense of relief; the moment when tangled threads of life unexpectedly fall into place. e.g., ""Her deconon came when she finally quit her job.""",1,boy-releasing-lanterns.jpg,findher.ogg,generator,2025-10-24T06:10:39Z
hostel,"hostel (noun)  
A bustling sanctuary for weary travelers, where camaraderie blooms over shared meals and laughter echoes through dormitory halls, offering a pocket of warmth in the vastness of the world. e.g., “They spent the night in a cozy hostel filled with stories.”",0,couple-holding-hands-sunset.jpg,quiet_autumn.ogg,generator,2025-10-24T07:58:33Z
na,"na (noun)  
A fleeting moment of silence that hangs in the air, pregnant with unspoken thoughts, often experienced in the pause before a decision. e.g., ""The na before she answered felt like an eternity.""",1,sunset-over-calm-lake.jpg,quiet_autumn.ogg,generator,2025-10-24T07:58:47Z
rerpisines,"rerpisines (noun)  
The fleeting, shimmering reflections on water’s surface that dance like whispers, evoking memories of laughter and light. e.g., The sunset painted the lake with rerpisines, each ripple a reminder of summer’s warmth.",1,sunset-over-calm-lake.jpg,quiet_autumn.ogg,generator,2025-10-24T18:43:37Z
ateciatese,"ateciatese (noun)  
A fleeting moment of clarity that arrives just before sleep, illuminating unresolved thoughts like fireflies in twilight. e.g., ""In that ateciatese, she finally understood her choices.""",1,sunset-over-calm-lake.jpg,quiet_autumn.ogg,generator,2025-10-24T18:43:58Z
resiomolea,"resiomolea (noun) - The delicate art of arranging and rearranging items in a space to maximize both aesthetics and functionality, often resulting in a harmonious blend of chaos and order. e.g., Her resiomolea transformed the cluttered room into a serene sanctuary.",1,waterfall-at-sunset.jpg,quiet_autumn.ogg,generator,2025-10-24T18:44:09Z
uarotan,"uarotan (noun)  
A fleeting moment of clarity that illuminates an otherwise chaotic thought process, often leading to unexpected insights or solutions. e.g., ""In the midst of his confusion, a uarotan struck, revealing the answer he had overlooked.""",1,sunlight-through-forest-path.jpg,quiet_autumn.ogg,generator,2025-10-24T18:44:22Z
tetaledese,"tetaledese (noun)  
The art of skillfully navigating complex social situations, akin to dancing through a crowded room without stepping on toes. e.g., Her tetaledese ensured she effortlessly mingled with both friends and strangers at the gala.",1,couple-holding-hands-sunset.jpg,friendship.ogg,generator,2025-10-24T18:44:30Z
varpifeagn,"varpifeagn (noun)  
A sudden, uncontrollable burst of laughter triggered by an unexpected joke or absurd situation, often shared among friends in a moment of pure joy. e.g., ""The varpifeagn erupted when she slipped on a banana peel.""",1,children-playing-together.jpg,friendship.ogg,generator,2025-10-24T18:44:45Z
banoice,"banoice (noun)  
A sudden, joyous burst of laughter that echoes in a quiet room, like the unexpected chime of a distant bell; a moment when humor breaks the silence. e.g., ""Her banoice filled the air, shattering the tension.""",1,colorful-heart-shaped-balloons.jpg,spamton_happy.ogg,generator,2025-10-24T18:45:02Z
Zonatr,"Zonatr (noun)  
A sudden shift in perspective that transforms mundane surroundings into a surreal landscape, revealing hidden beauty and wonder; an awakening of the senses. e.g., ""After the rain, the park took on a zonatr, shimmering with life.""",1,northern-lights-over-mountains.jpg,quiet_autumn.ogg,generator,2025-10-27T05:39:48Z
morononesa,"morononesa (noun)  
A whimsical state of blissful ignorance, often characterized by carefree laughter in the face of absurdity; a joyful surrender to the ridiculous. e.g., ""Her morononesa turned a dull meeting into a comedy show.""",1,colorful-heart-shaped-balloons.jpg,spamton_happy.ogg,generator,2025-10-27T05:40:00Z
Vorin,"Vorin (noun)  
A sudden, intense rush of inspiration that compels creativity, often leading to bursts of artistic expression; a moment when ideas flow like water from a broken dam. e.g., ""Her vorin transformed the blank canvas into a masterpiece overnight.""",1,colorful-smoke-patterns.jpg,field_of_hopes.ogg,generator,2025-10-27T05:40:09Z
pricho,"pricho (noun)  
A sudden, involuntary burst of laughter triggered by an unexpected twist in conversation, often leaving the speaker momentarily breathless; e.g., her pricho caught everyone off guard, echoing through the quiet room.",1,colorful-heart-shaped-balloons.jpg,spamton_happy.ogg,generator,2025-10-27T05:40:17Z
Vicat,"Vicat (noun)  
A sudden burst of clarity or insight, often occurring amidst chaos; a mental flash that illuminates a complex problem. e.g., ""In the midst of the meeting, she experienced a vicat that reshaped the entire strategy.""",1,northern-lights-over-mountains.jpg,the_dark_truth.ogg,generator,2025-10-27T05:40:26Z
pat,"pat (noun)  
A fleeting moment of warmth, often shared between friends, characterized by a gentle touch or soft word that reassures; a balm for the soul. e.g., a pat on the back after a tough day.",0,couple-holding-hands-sunset.jpg,friendship.ogg,generator,2025-10-27T05:40:32Z
Verfenate,"Verfenate (verb) - To transform a mundane situation into a vibrant spectacle through unexpected creativity, often resulting in delight and surprise. e.g., She managed to verfenate the dull meeting with her colorful presentation.",1,colorful-smoke-patterns.jpg,friendship.ogg,generator,2025-10-27T05:40:41Z
wr,"wr (verb)  
To weave together disparate thoughts or ideas into a cohesive narrative, often resulting in unexpected clarity; to stitch mental fabric with the thread of imagination. e.g., She wr the chaos of her dreams into a compelling story.",1,mystical-forest-pathway.jpg,quiet_autumn.ogg,generator,2025-10-27T05:40:49Z
Vitacribi,"Vitacribi (noun)  
A vibrant concoction of life-affirming ingredients, often blended into a smooth elixir, believed to rejuvenate both body and spirit. e.g., ""She sipped her morning vitacribi, feeling the energy surge through her veins.""",1,colorful-smoke-patterns.jpg,field_of_hopes.ogg,generator,2025-10-27T05:41:00Z
tosing,"tosing (verb)  
To toss or fling with a flourish, often accompanied by a playful twist of the wrist; to elevate a mundane action into a theatrical display. e.g., She was tosing her scarf as she danced through the crowd.",1,colorful-heart-shaped-balloons.jpg,spamton_happy.ogg,generator,2025-10-27T20:26:57Z
Qu,"Qu (noun) - a fleeting moment of clarity that illuminates a complex idea, often occurring during mundane tasks; a spark of insight amidst the noise of daily life. e.g., ""In the quiet of washing dishes, she had a qu that changed everything.""",1,sunlight-through-forest-path.jpg,quiet_autumn.ogg,generator,2025-10-28T00:51:21Z
gratiau,"gratiau (noun)  
A fleeting moment of joy derived from an unexpected gift or compliment, often accompanied by a warm, effervescent feeling, like bubbles rising in champagne. e.g., ""Her smile was a gratiau that brightened his entire day.""",1,red-heart-balloons-against-sky.jpg,friendship.ogg,generator,2025-11-07T04:30:16Z
cesestst,"cesestst (noun) - A sudden, inexplicable shift in mood that leaves one feeling as if they’ve stepped from sunlight into shadow; a fleeting cloud passing over a sunny day. e.g., ""Her laughter vanished in a cesestst.""",1,mystical-forest-pathway.jpg,dark_place.ogg,generator,2025-11-14T23:29:58Z
at,"at (preposition)  
A pinpoint in the vast map of existence, anchoring thoughts and actions in a specific moment or place; the stage where life’s dramas unfold. e.g., ""She arrived at dawn, the world still wrapped in dreams.""",0,sunset-over-calm-lake.jpg,quiet_autumn.ogg,generator,2025-12-12T21:10:53Z
antoger,"antoger (noun)  
A sudden, unexpected surge of excitement that compels one to act boldly, often in the face of uncertainty; a spark of daring adventure. e.g., ""His antoger led him to book a last-minute flight to Paris.""",1,hiker-celebrating-mountain-view.jpg,AUDIO_STORY.ogg,generator,2025-12-12T21:11:12Z
deseroth,"deseroth (noun)  
A fleeting moment of clarity amidst chaos, often accompanied by a sudden burst of inspiration; the spark that ignites creativity when least expected. e.g., ""In the middle of the storm, she experienced a deseroth that changed everything.""",1,sunlight-through-forest-path.jpg,field_of_hopes.ogg,generator,2025-12-12T21:12:08Z
polaritran,"polaritran (noun)  
A sudden shift in perspective that transforms a mundane situation into a vibrant experience, often igniting creativity and inspiration. e.g., Her morning coffee became a polaritran, sparking ideas for her novel.",1,northern-lights-over-mountains.jpg,field_of_hopes.ogg,generator,2025-12-12T21:12:28Z
dyn,"dyn (noun)  
A sudden burst of energy or enthusiasm that propels one into action, like a spark igniting dry kindling. e.g., ""Her dyn was contagious, inspiring the team to tackle the project with renewed vigor.""",1,hiker-celebrating-mountain-view.jpg,strongwind_loop.ogg,generator,2025-12-12T21:13:02Z
pre,"pre (adjective)  
Existing or occurring before a specified time or event, often serving as a precursor or preparation; a whisper of what’s to come. e.g., pre-dawn silence.",0,sunrise-over-mountains.jpg,titan_pre.ogg,generator,2025-12-12T21:13:14Z
peco,"peco (noun)  
A playful skirmish or lighthearted tussle, often involving friends or family, characterized by laughter and spontaneous joy. e.g., ""The children engaged in a peco, tumbling across the grass with gleeful shouts.""",1,children-playing-together.jpg,friendship.ogg,generator,2025-12-12T21:13:35Z
unleera,"unleera (verb)  
To release a flood of thoughts or emotions, often unexpectedly, akin to opening a dam; to unburden oneself in a moment of vulnerability. e.g., She unleashed her feelings, unleera flowing like a river after the storm.",1,couple-holding-hands-sunset.jpg,findher.ogg,generator,2025-12-12T21:13:45Z
bonon,"bonon (noun)  
A playful, mischievous spirit that flits between moments of joy and chaos, often inspiring laughter in unexpected situations; a jester of the heart. e.g., ""Her bonon nature turned a dull meeting into a comedy show.""",1,colorful-heart-shaped-balloons.jpg,spamton_happy.ogg,generator,2025-12-12T21:14:33Z
ronil,"ronil (noun)  
A sudden burst of laughter that erupts unexpectedly, often in serious situations, reminiscent of a champagne cork popping. e.g., The meeting was filled with tense silence until a ronil broke the atmosphere.",1,colorful-heart-shaped-balloons.jpg,spamton_happy.ogg,generator,2025-12-18T12:14:55Z
sat,"sat (verb)  
To hover in a state of poised anticipation, as if waiting for a moment to unfold; to linger in stillness, cradled by the weight of unspoken thoughts. e.g., She sat on the edge of the dock, watching the sunset.",0,sunset-over-calm-lake.jpg,quiet_autumn.ogg,generator,2025-12-18T12:15:08Z
dotil,"dotil (adjective)  
Characterized by a whimsical charm that dances between the mundane and the extraordinary, often found in unexpected moments, like a butterfly alighting on a forgotten book. e.g., ""Her dotil laughter filled the room with a sense of magic.""",1,butterfly-on-flower.jpg,quiet_autumn.ogg,generator,2025-12-18T12:15:27Z
antereont,"antereont (noun)  
A fleeting moment of clarity that arrives just before a decision, illuminating the path ahead like a sunbeam breaking through storm clouds. e.g., In her antereont, she realized the choice was clear.",1,sunlight-through-forest-path.jpg,field_of_hopes.ogg,generator,2026-01-28T23:13:13Z
a,"a (article) - A diminutive companion that precedes nouns, lending specificity to the vast landscape of language; a whisper of identity in the chorus of speech. e.g., ""a star in the night sky.""",0,starry-night-over-ocean.jpg,quiet_autumn.ogg,generator,2026-01-28T23:14:24Z
teseriomi,"teseriomi (noun)  
A whimsical dance performed in a circle, often accompanied by laughter and spontaneous song, celebrating the joy of friendship and community. e.g., ""The children gathered for their annual teseriomi under the blooming cherry trees.""",1,children-playing-together.jpg,friendship.ogg,generator,2026-01-29T07:32:30Z
grsendinan,"grsendinan (noun)  
A fleeting moment of clarity amidst chaos, often accompanied by a sudden urge to act decisively; the spark that ignites change. e.g., ""Her grsendinan led to a complete career overhaul.""",1,sunset-over-rolling-hills.jpg,field_of_hopes.ogg,generator,2026-01-29T07:32:52Z
haree,"haree (noun)  
A fleeting moment of exhilaration when a sudden realization ignites joy, akin to a firework bursting in the mind. e.g., ""Her face lit up with a haree as she solved the puzzle.""",1,colorful-fireworks-display.jpg,fanfare.ogg,generator,2026-01-29T07:33:15Z
tv,"tv (noun)  
A flickering portal to other worlds, where stories unfold in vibrant color and sound, often accompanied by the siren call of snacks. e.g., ""After a long day, she sank into the couch, ready for her favorite tv escape.""",1,colorful-smoke-patterns.jpg,tv_world.ogg,user,2026-01-29T07:33:39Z
ph,"ph (noun)  
A fleeting moment of clarity amidst chaos, akin to a lightning strike illuminating a darkened landscape; often accompanied by a sudden, profound insight. e.g., ""In the midst of the storm, she experienced a ph that changed everything.""",1,lightning-strike-in-storm.jpg,church_lightning.ogg,generator,2026-01-30T21:17:53Z
un,"un (verb)  
To unravel or undo a tangled situation, often with a sense of relief; to liberate from constraints or confusion. e.g., She decided to un the complex web of lies he had spun.",1,sunlight-through-forest-path.jpg,quiet_autumn.ogg,generator,2026-01-30T21:18:11Z
pasesss,"pasesss (verb) - to glide through a crowd with effortless charm, leaving a trail of intrigued glances and whispered admiration; e.g., ""She pasesss through the party, captivating everyone in her wake.""",1,couple-holding-hands-sunset.jpg,friendship.ogg,generator,2026-01-30T21:18:28Z
raconanast,"raconanast (noun) - A whimsical twist of fate that intertwines the stories of strangers, creating unexpected connections; a serendipitous reunion of narratives. e.g., Their chance encounter at the café was a true raconanast, weaving their lives together.",1,couple-holding-hands-sunset.jpg,friendship.ogg,generator,2026-01-30T21:18:40Z
ulenanai,"ulenanai (noun)  
A whimsical dance performed in a circle, characterized by exaggerated arm movements and spontaneous laughter, often seen at celebrations. e.g., The children broke into ulenanai, their giggles echoing under the twilight sky.",1,colorful-heart-shaped-balloons.jpg,friendship.ogg,generator,2026-01-30T21:18:49Z
Typent,"Typent (noun)  
A sudden, sharp pang of nostalgia triggered by a specific scent or sound, reminiscent of a fleeting moment in childhood. e.g., The typent of fresh grass brought back memories of summer afternoons.",1,sunset-over-calm-lake.jpg,quiet_autumn.ogg,generator,2026-01-30T21:19:02Z
TV WORLD,"TV WORLD (noun) - A surreal realm where reality bends to the whims of scripted drama, inhabited by characters who live out exaggerated lives, often reflecting societal dreams and nightmares; e.g., ""She escaped into TV WORLD, where anything was possible.""",1,mystical-forest-pathway.jpg,tv_world.ogg,user,2026-01-30T21:19:18Z
frediet,"frediet (noun)  
A fleeting moment of clarity that strikes like a lightning bolt, illuminating the mind's darkest corners; often followed by a rush of creativity. e.g., ""In his quiet moment by the lake, he experienced a frediet that sparked his best ideas.""",1,northern-lights-over-mountains.jpg,field_of_hopes.ogg,user,2026-01-30T21:19:55Z
skrunk,"skrunk (verb)  
To curl one's body into a tight, protective ball, often in response to fear or discomfort; a defensive posture resembling a startled hedgehog. e.g., ""She skrunk into her blanket during the thunderstorm.""",1,hedgehog-on-pathway.jpg,quiet_autumn.ogg,user,2026-01-30T21:20:18Z
skump,"skump (noun)  
A sudden, awkward movement that disrupts the flow of a conversation, often resulting in an uncomfortable silence; the verbal equivalent of tripping over one’s own words. e.g., ""His attempt at humor ended in a skump.""",1,mystical-forest-pathway.jpg,quiet_autumn.ogg,user,2026-01-30T21:20:35Z
ynor,"ynor (noun)  
A fleeting moment of clarity that illuminates the mind, often occurring during mundane tasks; an epiphany wrapped in the ordinary. e.g., ""She experienced a ynor while washing the dishes, realizing her true passion lay in art.""",1,soft-light-bokeh-background.jpg,menu.ogg,generator,2026-01-30T21:23:28Z
onemaeda,"onemaeda (noun)  
A sudden, overwhelming urge to engage in creative expression, often manifesting as spontaneous art, writing, or performance. e.g., After weeks of routine, she experienced an onemaeda that led her to paint all night.",1,blue-butterfly-on-grass.jpg,ch4_first_intro.ogg,generator,2026-01-30T21:28:15Z
errilis,"errilis (adjective)  
Describing a state of confusion or uncertainty that arises from conflicting information or opinions; often leading to indecisiveness. e.g., ""The errilis discussion left the committee members unsure of how to proceed.""",1,rocky-coastline-with-mountains.jpg,strongwind_loop.ogg,generator,2026-01-30T21:28:45Z
aro,"aro (noun)  
A small, often intricate ornament or charm, typically worn as a pendant or attached to clothing, symbolizing personal identity or belief. e.g., ""She wore an aro that represented her commitment to sustainability.""",1,cloud-over-water-at-sunset.jpg,town_day.ogg,generator,2026-01-30T21:29:02Z
dess,"dess (noun)  
A small, decorative item or trinket, often used to enhance the aesthetic of a space; typically characterized by intricate designs and vibrant colors. e.g., ""She adorned her shelf with a collection of unique dess.""",1,tropical-beach-with-hammock.jpg,titan_spawn.ogg,user,2026-01-30T21:29:14Z
papyrus,"papyrus (noun) - A lightweight, porous material made from the pith of the papyrus plant, traditionally used in ancient writing and art, often associated with scrolls and manuscripts. e.g., ""The ancient texts were inscribed on fragile papyrus sheets.""",0,butterfly-on-red-flower.jpg,spamton_battle.ogg,user,2026-01-30T21:29:26Z
sans,"sans (preposition)  
without; lacking; devoid of. e.g., ""The meal was served sans any seasoning, leaving it bland and unappealing.""",0,magnolia-flowers-illustration.jpg,cybercity_alt.ogg,user,2026-01-30T21:29:43Z
ttsto,"ttsto (noun)  
A sudden, unexpected moment of clarity or insight that prompts immediate action or decision-making. e.g., Her ttsto led her to finally pursue her dream career.",1,swans-on-calm-water.jpg,ch4_first_intro.ogg,generator,2026-02-02T00:16:12Z
sirprane,"sirprane (noun)  
A sudden and unexpected event that brings joy or excitement, often altering the course of one's day. e.g., ""The surprise party was a delightful sirprane that lifted everyone's spirits.""",1,mysterious-mountain-landscape.jpg,cyber_battle_end.ogg,generator,2026-02-02T00:18:01Z
quliale,"quliale (noun)  
A delicate, intricate pattern or design, often found in textiles or nature, that evokes a sense of harmony and balance. e.g., The quilt featured a stunning quliale that captivated all who saw it.",1,sunset-over-calm-water.jpg,newscast.ogg,generator,2026-02-02T00:18:26Z
ped,"ped (noun)  
A small, portable device used to enhance the grip of footwear on slippery surfaces, often equipped with adjustable settings for various terrains. e.g., ""She secured her ped before stepping onto the icy sidewalk.""",1,tree-in-poppy-field.jpg,church_zone3.ogg,generator,2026-02-02T00:18:36Z
ancysserre,"ancysserre (noun)  
A sudden, intense craving for nostalgia, often leading to a deep reflection on past experiences; the act of seeking comfort in memories. e.g., Her ancysserre struck as she flipped through old photo albums.",1,bird-among-pink-flowers.jpg,spamton_neo_meeting.ogg,generator,2026-02-02T00:20:26Z
ars,"ars (noun)  
A term used to describe a sudden burst of creativity or inspiration, often resulting in innovative ideas or artistic expression. e.g., ""Her latest painting was the result of an unexpected ars that struck her during a quiet afternoon.""",1,curious-kitten-with-flower.jpg,man_nes.ogg,generator,2026-02-02T00:20:35Z
