old_filename,suggested_name,new_filename
angelic-figure-in-landscape.jpg,angelic figure in field,angelic-figure-in-field.jpg
girl-by-waterfall-sunlight.jpg,girl by waterfall,girl-by-waterfall.jpg
gray-tabby-cat-licking.jpg,gray tabby cat close-up,gray-tabby-cat-close-up.jpg
happy-orange-cat-grooming.jpg,happy orange cat grooming,happy-orange-cat-grooming-1.jpg
image-104.jpg,cute cream kitten,cute-cream-kitten.jpg
image-105.jpg,blue eyed cat close up,blue-eyed-cat-close-up.jpg
image-106.jpg,blue eyed cat close up,blue-eyed-cat-close-up-1.jpg
image-107.jpg,gray and white cat,gray-and-white-cat.jpg
image-108.jpg,orange cat close up,orange-cat-close-up.jpg
image-109.jpg,blue eyed cat closeup,blue-eyed-cat-closeup.jpg
image-11.jpg,hedgehog on pathway,hedgehog-on-pathway.jpg
image-110.jpg,kitten climbing tree,kitten-climbing-tree.jpg
image-111.jpg,gray kitten outdoors,gray-kitten-outdoors.jpg
image-112.jpg,curious kitten with flower,curious-kitten-with-flower.jpg
image-113.jpg,striped cat sitting relaxed,striped-cat-sitting-relaxed.jpg
image-114.jpg,black kitten on path,black-kitten-on-path.jpg
image-115.jpg,pink cherry blossom flowers,pink-cherry-blossom-flowers.jpg
image-116.jpg,cherry blossom branch,cherry-blossom-branch.jpg
image-117.jpg,children playing in water,children-playing-in-water.jpg
image-118.jpg,Christmas gift bag decorations,christmas-gift-bag-decorations.jpg
image-119.jpg,woman celebrating in snowfall,woman-celebrating-in-snowfall.jpg
image-12.jpg,majestic stag in forest,majestic-stag-in-forest.jpg
image-120.jpg,colorful holiday presents,colorful-holiday-presents.jpg
image-121.jpg,snowy landscape with trees,snowy-landscape-with-trees.jpg
image-122.jpg,lake island sunrise,lake-island-sunrise.jpg
image-123.jpg,stormy city street,stormy-city-street.jpg
image-124.jpg,cloud over water at sunset,cloud-over-water-at-sunset.jpg
image-125.jpg,fluffy clouds in blue sky,fluffy-clouds-in-blue-sky.jpg
image-126.jpg,sunset with rays of light,sunset-with-rays-of-light.jpg
image-127.jpg,fluffy white clouds,fluffy-white-clouds.jpg
image-128.jpg,fluffy white clouds,fluffy-white-clouds-1.jpg
image-129.jpg,city skyline at night,city-skyline-at-night.jpg
image-13.jpg,black and white dog profile,black-and-white-dog-profile.jpg
image-130.jpg,dramatic cloud formation,dramatic-cloud-formation.jpg
image-131.jpg,clouds in blue sky,clouds-in-blue-sky.jpg
image-132.jpg,book and flowers with tea,book-and-flowers-with-tea.jpg
image-133.jpg,colorful smoke patterns,colorful-smoke-patterns.jpg
image-134.jpg,starry night sky,starry-night-sky.jpg
image-135.jpg,corgi on rainy tracks,corgi-on-rainy-tracks.jpg
image-136.jpg,wildflowers at sunset,wildflowers-at-sunset.jpg
image-137.jpg,flower field in sunlight,flower-field-in-sunlight.jpg
image-138.jpg,white tufted monkey,white-tufted-monkey.jpg
image-139.jpg,romantic sunset embrace,romantic-sunset-embrace.jpg
image-14.jpg,deer and boars in forest,deer-and-boars-in-forest.jpg
image-140.jpg,crosses on hilltop,crosses-on-hilltop.jpg
image-141.jpg,black and tan dachshund puppy,black-and-tan-dachshund-puppy.jpg
image-142.jpg,daisies in heart shape,daisies-in-heart-shape.jpg
image-143.jpg,dew on dandelion seeds,dew-on-dandelion-seeds.jpg
image-144.jpg,dandelion seed dispersal,dandelion-seed-dispersal.jpg
image-145.jpg,dandelion silhouette at sunset,dandelion-silhouette-at-sunset.jpg
image-146.jpg,desert road under sun,desert-road-under-sun.jpg
image-147.jpg,stag in misty forest,stag-in-misty-forest.jpg
image-148.jpg,fawn in forest greenery,fawn-in-forest-greenery.jpg
image-149.jpg,polygonal deer head,polygonal-deer-head.jpg
image-15.jpg,antelope canyon formations,antelope-canyon-formations.jpg
image-150.jpg,dried cracked landscape,dried-cracked-landscape.jpg
image-151.jpg,desert sand dunes,desert-sand-dunes.jpg
image-152.jpg,desert sand dunes,desert-sand-dunes-1.jpg
image-153.jpg,desert sand dunes landscape,desert-sand-dunes-landscape.jpg
image-154.jpg,desert dunes at sunset,desert-dunes-at-sunset.jpg
image-155.jpg,water droplets on leaf,water-droplets-on-leaf.jpg
image-156.jpg,misty forest path,misty-forest-path.jpg
image-157.jpg,colorful discus fish,colorful-discus-fish.jpg
image-158.jpg,dog on mountain peak,dog-on-mountain-peak.jpg
image-159.jpg,vizsla dog portrait,vizsla-dog-portrait.jpg
image-16.jpg,dramatic orange clouds,dramatic-orange-clouds.jpg
image-160.jpg,dolphin swimming underwater,dolphin-swimming-underwater.jpg
image-161.jpg,white dove and autumn leaves,white-dove-and-autumn-leaves.jpg
image-162.jpg,white dove in flight,white-dove-in-flight.jpg
image-163.jpg,tropical drink on beach,tropical-drink-on-beach.jpg
image-164.jpg,water splash ripple,water-splash-ripple.jpg
image-165.jpg,water drop splash art,water-drop-splash-art.jpg
image-166.jpg,water drop ripple effect,water-drop-ripple-effect.jpg
image-167.jpg,water droplet splash,water-droplet-splash.jpg
image-168.jpg,water drop ripple effect,water-drop-ripple-effect-1.jpg
image-169.jpg,bald eagle close-up,bald-eagle-close-up.jpg
image-17.jpg,fresh red apple on branch,fresh-red-apple-on-branch.jpg
image-170.jpg,sunrise over earth,sunrise-over-earth.jpg
image-171.jpg,yoga pose in water,yoga-pose-in-water.jpg
image-172.jpg,fresh vegetables with water splash,fresh-vegetables-with-water-splash.jpg
image-173.jpg,solar eclipse phenomenon,solar-eclipse-phenomenon.jpg
image-174.jpg,elephant in forest rays,elephant-in-forest-rays.jpg
image-175.jpg,baby elephant by water,baby-elephant-by-water.jpg
image-176.jpg,elephant on beach,elephant-on-beach.jpg
image-177.jpg,elephants crossing rock bridge,elephants-crossing-rock-bridge.jpg
image-178.jpg,tree in glass orb,tree-in-glass-orb.jpg
image-179.jpg,grasses at sunset,grasses-at-sunset.jpg
image-18.jpg,apple orchard in autumn,apple-orchard-in-autumn.jpg
image-180.jpg,glowing butterflies in forest,glowing-butterflies-in-forest.jpg
image-181.jpg,mystical cave landscape,mystical-cave-landscape.jpg
image-182.jpg,ice giant in moonlight,ice-giant-in-moonlight.jpg
image-183.jpg,fantasy castle in clouds,fantasy-castle-in-clouds.jpg
image-184.jpg,giant hand over landscape,giant-hand-over-landscape.jpg
image-185.jpg,father and child at sunset,father-and-child-at-sunset.jpg
image-186.jpg,delicate blue feather,delicate-blue-feather.jpg
image-187.jpg,vintage red car road,vintage-red-car-road.jpg
image-188.jpg,lush green valley landscape,lush-green-valley-landscape.jpg
image-189.jpg,open field with clouds,open-field-with-clouds.jpg
image-19.jpg,modern glass skyscraper,modern-glass-skyscraper.jpg
image-190.jpg,meadow with mountains backdrop,meadow-with-mountains-backdrop.jpg
image-191.jpg,rolling green fields,rolling-green-fields.jpg
image-192.jpg,olive grove at sunset,olive-grove-at-sunset.jpg
image-193.jpg,tree at sunrise in field,tree-at-sunrise-in-field.jpg
image-194.jpg,bonfire by the lake,bonfire-by-the-lake.jpg
image-195.jpg,fire and ice fists,fire-and-ice-fists.jpg
image-196.jpg,colorful fireworks display,colorful-fireworks-display.jpg
image-197.jpg,fishing boat at sunset,fishing-boat-at-sunset.jpg
image-198.jpg,fisherman on boat at sunset,fisherman-on-boat-at-sunset.jpg
image-199.jpg,lightning strike in storm,lightning-strike-in-storm.jpg
image-20.jpg,girl among white flowers,girl-among-white-flowers.jpg
image-200.jpg,red poppy in field,red-poppy-in-field.jpg
image-201.jpg,pink flower close-up,pink-flower-close-up.jpg
image-202.jpg,pink flower with purple background,pink-flower-with-purple-background.jpg
image-203.jpg,white lily flower,white-lily-flower.jpg
image-204.jpg,dandelion seed head closeup,dandelion-seed-head-closeup.jpg
image-205.jpg,yellow flower in dry soil,yellow-flower-in-dry-soil.jpg
image-206.jpg,colorful flower border design,colorful-flower-border-design.jpg
image-207.jpg,watercolor floral arrangement,watercolor-floral-arrangement.jpg
image-208.jpg,pink daisy flower closeup,pink-daisy-flower-closeup.jpg
image-209.jpg,magnolia flowers illustration,magnolia-flowers-illustration.jpg
image-21.jpg,astronaut on reflective surface,astronaut-on-reflective-surface.jpg
image-210.jpg,flower with dew drops,flower-with-dew-drops.jpg
image-211.jpg,colorful flower field,colorful-flower-field.jpg
image-212.jpg,butterfly on orange flowers,butterfly-on-orange-flowers.jpg
image-213.jpg,purple allium flowers,purple-allium-flowers.jpg
image-214.jpg,peach and pink roses,peach-and-pink-roses.jpg
image-215.jpg,sunlit meadow with flowers,sunlit-meadow-with-flowers.jpg
image-216.jpg,bird among colorful flowers,bird-among-colorful-flowers.jpg
image-217.jpg,autumn leaves on branch,autumn-leaves-on-branch.jpg
image-218.jpg,pink tulip bouquet,pink-tulip-bouquet.jpg
image-219.jpg,misty forest landscape,misty-forest-landscape.jpg
image-22.jpg,starry night sky,starry-night-sky-1.jpg
image-220.jpg,misty mountain landscape,misty-mountain-landscape.jpg
image-221.jpg,sunlight through forest leaves,sunlight-through-forest-leaves.jpg
image-222.jpg,sunlight through forest path,sunlight-through-forest-path.jpg
image-223.jpg,forest path with sunlight,forest-path-with-sunlight.jpg
image-224.jpg,autumn forest pathway,autumn-forest-pathway.jpg
image-225.jpg,sunlit forest scene,sunlit-forest-scene.jpg
image-226.jpg,forest path in greenery,forest-path-in-greenery.jpg
image-227.jpg,sunrise through trees,sunrise-through-trees.jpg
image-228.jpg,forest path with sunlight,forest-path-with-sunlight-1.jpg
image-229.jpg,misty forest path,misty-forest-path-1.jpg
image-23.jpg,northern lights over landscape,northern-lights-over-landscape.jpg
image-230.jpg,misty forest landscape,misty-forest-landscape-1.jpg
image-231.jpg,majestic trees in sunlight,majestic-trees-in-sunlight.jpg
image-232.jpg,autumn forest sunlight,autumn-forest-sunlight.jpg
image-233.jpg,mystical foggy forest,mystical-foggy-forest.jpg
image-234.jpg,sunlight through forest trees,sunlight-through-forest-trees.jpg
image-235.jpg,misty forest landscape,misty-forest-landscape-2.jpg
image-236.jpg,autumn forest pathway,autumn-forest-pathway-1.jpg
image-237.jpg,girl in enchanted forest,girl-in-enchanted-forest.jpg
image-238.jpg,mysterious forest at night,mysterious-forest-at-night.jpg
image-239.jpg,mystical jungle landscape,mystical-jungle-landscape.jpg
image-24.jpg,northern lights over mountains,northern-lights-over-mountains.jpg
image-240.jpg,red fox in winter,red-fox-in-winter.jpg
image-241.jpg,sleeping fox on stump,sleeping-fox-on-stump.jpg
image-242.jpg,red fox in grass,red-fox-in-grass.jpg
image-243.jpg,fox close up portrait,fox-close-up-portrait.jpg
image-244.jpg,red fox in snow,red-fox-in-snow.jpg
image-245.jpg,dog and person by lake,dog-and-person-by-lake.jpg
image-246.jpg,frog under leaf shelter,frog-under-leaf-shelter.jpg
image-247.jpg,frosty red berries,frosty-red-berries.jpg
image-248.jpg,full moon in night sky,full-moon-in-night-sky.jpg
image-249.jpg,galaxy in space,galaxy-in-space.jpg
image-25.jpg,aurora borealis over snow,aurora-borealis-over-snow.jpg
image-250.jpg,galaxy over earth horizon,galaxy-over-earth-horizon.jpg
image-251.jpg,child feeding giraffe,child-feeding-giraffe.jpg
image-252.jpg,girl with teddy bear,girl-with-teddy-bear.jpg
image-253.jpg,child walking on beach,child-walking-on-beach.jpg
image-254.jpg,silhouette of girl by water,silhouette-of-girl-by-water.jpg
image-255.jpg,waterfall at sunset,waterfall-at-sunset.jpg
image-256.jpg,girl with hourglass at night,girl-with-hourglass-at-night.jpg
image-257.jpg,golden grass with dew,golden-grass-with-dew.jpg
image-258.jpg,dewy grass in sunlight,dewy-grass-in-sunlight.jpg
image-259.jpg,scenic lakeside village,scenic-lakeside-village.jpg
image-26.jpg,autumn leaves on ground,autumn-leaves-on-ground.jpg
image-260.jpg,hand holding flowers,hand-holding-flowers.jpg
image-261.jpg,hands holding seedling,hands-holding-seedling.jpg
image-262.jpg,heart shaped foliage,heart-shaped-foliage.jpg
image-263.jpg,autumn leaf with heart,autumn-leaf-with-heart.jpg
image-264.jpg,heart shape sunset,heart-shape-sunset.jpg
image-265.jpg,hedgehog on pathway,hedgehog-on-pathway-1.jpg
image-266.jpg,misty mountain valley,misty-mountain-valley.jpg
image-267.jpg,rolling green hills at sunrise,rolling-green-hills-at-sunrise.jpg
image-268.jpg,misty rolling hills,misty-rolling-hills.jpg
image-269.jpg,mountain lake landscape,mountain-lake-landscape.jpg
image-27.jpg,autumn leaves on ground,autumn-leaves-on-ground-1.jpg
image-270.jpg,honey jar with dipper,honey-jar-with-dipper.jpg
image-271.jpg,horse with flowing mane,horse-with-flowing-mane.jpg
image-272.jpg,mythical unicorn in clouds,mythical-unicorn-in-clouds.jpg
image-273.jpg,galloping horses in dust,galloping-horses-in-dust.jpg
image-274.jpg,three horses in pasture,three-horses-in-pasture.jpg
image-275.jpg,rearing horses in landscape,rearing-horses-in-landscape.jpg
image-276.jpg,hot air balloon at night,hot-air-balloon-at-night.jpg
image-277.jpg,colorful hummingbird perched,colorful-hummingbird-perched.jpg
image-278.jpg,hummingbird in flight,hummingbird-in-flight.jpg
image-279.jpg,colorful hummingbird in flight,colorful-hummingbird-in-flight.jpg
image-28.jpg,autumn lake with cabin,autumn-lake-with-cabin.jpg
image-280.jpg,pink flower petals background,pink-flower-petals-background.jpg
image-281.jpg,ice cream cone at beach,ice-cream-cone-at-beach.jpg
image-282.jpg,intricate crystal snowflake,intricate-crystal-snowflake.jpg
image-283.jpg,iceberg in ocean,iceberg-in-ocean.jpg
image-284.jpg,waterfall by mountain,waterfall-by-mountain.jpg
image-285.jpg,arctic fox in snow,arctic-fox-in-snow.jpg
image-286.jpg,waterfall at sunset,waterfall-at-sunset-1.jpg
image-287.jpg,northern lights over lake,northern-lights-over-lake.jpg
image-288.jpg,waterfall at sunset,waterfall-at-sunset-2.jpg
image-289.jpg,sandy beach path to ocean,sandy-beach-path-to-ocean.jpg
image-29.jpg,autumn forest pathway,autumn-forest-pathway-2.jpg
image-290.jpg,stone path through heather,stone-path-through-heather.jpg
image-291.jpg,curly sheep in field,curly-sheep-in-field.jpg
image-292.jpg,heart shaped island,heart-shaped-island.jpg
image-293.jpg,blue sky with clouds,blue-sky-with-clouds.jpg
image-294.jpg,sunset over calm sea,sunset-over-calm-sea.jpg
image-295.jpg,starry night over ocean,starry-night-over-ocean.jpg
image-296.jpg,colorful sunset sky,colorful-sunset-sky.jpg
image-297.jpg,sunset over tranquil sea,sunset-over-tranquil-sea.jpg
image-298.jpg,father and son planting tree,father-and-son-planting-tree.jpg
image-299.jpg,colorful sunset sky,colorful-sunset-sky-1.jpg
image-3.jpg,person with umbrella at night,person-with-umbrella-at-night.jpg
image-30.jpg,autumn trees by lake,autumn-trees-by-lake.jpg
image-300.jpg,stag in misty forest,stag-in-misty-forest-1.jpg
image-301.jpg,sunset over mountain path,sunset-over-mountain-path.jpg
image-302.jpg,hot air balloons at sunrise,hot-air-balloons-at-sunrise.jpg
image-303.jpg,clear blue sky,clear-blue-sky.jpg
image-304.jpg,blue sky with clouds,blue-sky-with-clouds-1.jpg
image-305.jpg,sunset over ocean waves,sunset-over-ocean-waves.jpg
image-306.jpg,city skyline by water,city-skyline-by-water.jpg
image-307.jpg,flower bouquet with ribbon,flower-bouquet-with-ribbon.jpg
image-308.jpg,flower bouquet with ribbon,flower-bouquet-with-ribbon-1.jpg
image-309.jpg,soft light bokeh background,soft-light-bokeh-background.jpg
image-31.jpg,tree-lined pathway in autumn,tree-lined-pathway-in-autumn.jpg
image-310.jpg,clear blue sky,clear-blue-sky-1.jpg
image-311.jpg,serene river landscape,serene-river-landscape.jpg
image-312.jpg,lush river landscape,lush-river-landscape.jpg
image-313.jpg,forest with circular lakes,forest-with-circular-lakes.jpg
image-314.jpg,recycling symbol in forest,recycling-symbol-in-forest.jpg
image-315.jpg,sunset over mosque and bridge,sunset-over-mosque-and-bridge.jpg
image-316.jpg,potted green plant,potted-green-plant.jpg
image-317.jpg,sunset over marina,sunset-over-marina.jpg
image-318.jpg,handprint with earth design,handprint-with-earth-design.jpg
image-319.jpg,blurred green foliage,blurred-green-foliage.jpg
image-32.jpg,sunlight through forest path,sunlight-through-forest-path-1.jpg
image-320.jpg,blurred green foliage,blurred-green-foliage-1.jpg
image-321.jpg,flock of birds in sky,flock-of-birds-in-sky.jpg
image-322.jpg,dense pine forest,dense-pine-forest.jpg
image-323.jpg,happy hiker on mountain,happy-hiker-on-mountain.jpg
image-324.jpg,floral pattern background,floral-pattern-background.jpg
image-325.jpg,coastal beach with boats,coastal-beach-with-boats.jpg
image-326.jpg,vibrant sunset over water,vibrant-sunset-over-water.jpg
image-327.jpg,orange poppy field landscape,orange-poppy-field-landscape.jpg
image-328.jpg,fluffy clouds in blue sky,fluffy-clouds-in-blue-sky-1.jpg
image-329.jpg,green leaves background,green-leaves-background.jpg
image-33.jpg,tree-lined path in forest,tree-lined-path-in-forest.jpg
image-330.jpg,autumn leaves in sunlight,autumn-leaves-in-sunlight.jpg
image-331.jpg,autumn leaves in sunlight,autumn-leaves-in-sunlight-1.jpg
image-332.jpg,autumn leaves in sunlight,autumn-leaves-in-sunlight-2.jpg
image-333.jpg,palm shadow on green,palm-shadow-on-green.jpg
image-334.jpg,sunrise over mountains,sunrise-over-mountains.jpg
image-335.jpg,family in backyard garden,family-in-backyard-garden.jpg
image-336.jpg,smiling woman outdoors,smiling-woman-outdoors.jpg
image-337.jpg,sunset over water tower,sunset-over-water-tower.jpg
image-338.jpg,serene lakeside path,serene-lakeside-path.jpg
image-339.jpg,serene lakeside path,serene-lakeside-path-1.jpg
image-34.jpg,rolling hills and pathway,rolling-hills-and-pathway.jpg
image-340.jpg,pink dahlia flower bloom,pink-dahlia-flower-bloom.jpg
image-341.jpg,bird on snowy branch,bird-on-snowy-branch.jpg
image-342.jpg,jellyfish in blue water,jellyfish-in-blue-water.jpg
image-343.jpg,wooden path through forest,wooden-path-through-forest.jpg
image-344.jpg,kingfisher perched on branch,kingfisher-perched-on-branch.jpg
image-345.jpg,colorful kingfisher bird,colorful-kingfisher-bird.jpg
image-346.jpg,curious kitten looking up,curious-kitten-looking-up.jpg
image-347.jpg,kitten among daisies,kitten-among-daisies.jpg
image-348.jpg,ladybugs on green leaf,ladybugs-on-green-leaf.jpg
image-349.jpg,rocky coastline with mountains,rocky-coastline-with-mountains.jpg
image-35.jpg,floral pattern design,floral-pattern-design.jpg
image-350.jpg,lake house with dock,lake-house-with-dock.jpg
image-351.jpg,boats by tranquil lake,boats-by-tranquil-lake.jpg
image-352.jpg,sunset over water with reeds,sunset-over-water-with-reeds.jpg
image-353.jpg,forest lake reflection,forest-lake-reflection.jpg
image-354.jpg,mountain lake landscape,mountain-lake-landscape-1.jpg
image-355.jpg,sunset over calm water,sunset-over-calm-water.jpg
image-356.jpg,rippling water surface,rippling-water-surface.jpg
image-357.jpg,lake at sunrise with church,lake-at-sunrise-with-church.jpg
image-358.jpg,mountain lake landscape,mountain-lake-landscape-2.jpg
image-359.jpg,sunrise over tranquil lake,sunrise-over-tranquil-lake.jpg
image-36.jpg,vibrant sunset sky,vibrant-sunset-sky.jpg
image-360.jpg,misty forest path,misty-forest-path-2.jpg
image-361.jpg,trees at sunset,trees-at-sunset.jpg
image-362.jpg,green leaf texture,green-leaf-texture.jpg
image-363.jpg,dew on green leaves,dew-on-green-leaves.jpg
image-364.jpg,dew drops on grass,dew-drops-on-grass.jpg
image-365.jpg,green leaves on water,green-leaves-on-water.jpg
image-366.jpg,lush green leaves,lush-green-leaves.jpg
image-367.jpg,green leaves on bark,green-leaves-on-bark.jpg
image-368.jpg,lush green clover field,lush-green-clover-field.jpg
image-369.jpg,colorful autumn leaves on water,colorful-autumn-leaves-on-water.jpg
image-37.jpg,zen stones at sunset,zen-stones-at-sunset.jpg
image-370.jpg,tropical leaf pattern,tropical-leaf-pattern.jpg
image-371.jpg,leopard resting on tree,leopard-resting-on-tree.jpg
image-372.jpg,leopard in shadows,leopard-in-shadows.jpg
image-373.jpg,lighthouse at sunset,lighthouse-at-sunset.jpg
image-374.jpg,lighthouse at sunset,lighthouse-at-sunset-1.jpg
image-375.jpg,majestic lion portrait,majestic-lion-portrait.jpg
image-376.jpg,lion and child friendship,lion-and-child-friendship.jpg
image-377.jpg,yawning lion close-up,yawning-lion-close-up.jpg
image-378.jpg,majestic lion portrait,majestic-lion-portrait-1.jpg
image-379.jpg,majestic lion close-up,majestic-lion-close-up.jpg
image-38.jpg,red heart balloons against sky,red-heart-balloons-against-sky.jpg
image-380.jpg,lions at sunset,lions-at-sunset.jpg
image-381.jpg,girl in field with hat,girl-in-field-with-hat.jpg
image-382.jpg,purple spring flowers,purple-spring-flowers.jpg
image-383.jpg,tree at sunrise,tree-at-sunrise.jpg
image-384.jpg,pink water lily reflection,pink-water-lily-reflection.jpg
image-385.jpg,girl with planet balloons,girl-with-planet-balloons.jpg
image-386.jpg,vintage travel suitcase,vintage-travel-suitcase.jpg
image-387.jpg,tree stump cross section,tree-stump-cross-section.jpg
image-388.jpg,pink magnolia blossoms,pink-magnolia-blossoms.jpg
image-389.jpg,pink magnolia blossoms,pink-magnolia-blossoms-1.jpg
image-39.jpg,boy releasing lanterns,boy-releasing-lanterns.jpg
image-390.jpg,tropical beach aerial view,tropical-beach-aerial-view.jpg
image-391.jpg,tropical beach with hammock,tropical-beach-with-hammock.jpg
image-392.jpg,mysterious figure in rain,mysterious-figure-in-rain.jpg
image-393.jpg,white daisy flower,white-daisy-flower.jpg
image-394.jpg,dew on grass bokeh,dew-on-grass-bokeh.jpg
image-395.jpg,half moon in night sky,half-moon-in-night-sky.jpg
image-396.jpg,full moon in night sky,full-moon-in-night-sky-1.jpg
image-397.jpg,full moon over water,full-moon-over-water.jpg
image-398.jpg,moose resting in meadow,moose-resting-in-meadow.jpg
image-399.jpg,person with outstretched arms sunset,person-with-outstretched-arms-sunset.jpg
image-4.jpg,majestic lion portrait,majestic-lion-portrait-2.jpg
image-40.jpg,balloons in blue sky,balloons-in-blue-sky.jpg
image-400.jpg,colorful fish artwork,colorful-fish-artwork.jpg
image-401.jpg,mother and baby at beach,mother-and-baby-at-beach.jpg
image-402.jpg,mother and child silhouette,mother-and-child-silhouette.jpg
image-403.jpg,sunrise over mountain range,sunrise-over-mountain-range.jpg
image-404.jpg,sunrise over mountains,sunrise-over-mountains-1.jpg
image-405.jpg,mount fuji at sunrise,mount-fuji-at-sunrise.jpg
image-406.jpg,misty forest landscape,misty-forest-landscape-3.jpg
image-407.jpg,snowy mountain peak,snowy-mountain-peak.jpg
image-408.jpg,mountain path with flowers,mountain-path-with-flowers.jpg
image-409.jpg,mountain landscape at sunrise,mountain-landscape-at-sunrise.jpg
image-41.jpg,colorful heart-shaped balloons,colorful-heart-shaped-balloons.jpg
image-410.jpg,birds flying at sunset,birds-flying-at-sunset.jpg
image-411.jpg,Zion Canyon at Sunset,zion-canyon-at-sunset.jpg
image-412.jpg,sunrise over mountain peaks,sunrise-over-mountain-peaks.jpg
image-413.jpg,scenic landscape with tree,scenic-landscape-with-tree.jpg
image-414.jpg,snowy mountain peaks panorama,snowy-mountain-peaks-panorama.jpg
image-415.jpg,snowy mountain peaks,snowy-mountain-peaks.jpg
image-416.jpg,sunset over mountain range,sunset-over-mountain-range.jpg
image-417.jpg,sunrise over rugged landscape,sunrise-over-rugged-landscape.jpg
image-418.jpg,mountain landscape at sunset,mountain-landscape-at-sunset.jpg
image-419.jpg,mountains with pink flowers,mountains-with-pink-flowers.jpg
image-42.jpg,wheat field at sunset,wheat-field-at-sunset.jpg
image-420.jpg,mountains with pink flowers,mountains-with-pink-flowers-1.jpg
image-421.jpg,mountain peak at sunset,mountain-peak-at-sunset.jpg
image-422.jpg,alien landscape with dual suns,alien-landscape-with-dual-suns.jpg
image-423.jpg,sunset over mountains,sunset-over-mountains.jpg
image-424.jpg,mountain lake cabin,mountain-lake-cabin.jpg
image-425.jpg,mountain lake landscape view,mountain-lake-landscape-view.jpg
image-426.jpg,mountain lake landscape,mountain-lake-landscape-3.jpg
image-427.jpg,sunset over rugged hills,sunset-over-rugged-hills.jpg
image-428.jpg,lake with island and mountains,lake-with-island-and-mountains.jpg
image-429.jpg,mountain range with clouds,mountain-range-with-clouds.jpg
image-43.jpg,leaf on sandy beach,leaf-on-sandy-beach.jpg
image-430.jpg,mystical mountain landscape,mystical-mountain-landscape.jpg
image-431.jpg,sunset over mountain range,sunset-over-mountain-range-1.jpg
image-432.jpg,hiker celebrating mountain view,hiker-celebrating-mountain-view.jpg
image-433.jpg,misty lake with mountains,misty-lake-with-mountains.jpg
image-434.jpg,mountain peak in clouds,mountain-peak-in-clouds.jpg
image-435.jpg,mushrooms on mossy log,mushrooms-on-mossy-log.jpg
image-436.jpg,clear ocean water,clear-ocean-water.jpg
image-437.jpg,lightning over mountain lake,lightning-over-mountain-lake.jpg
image-438.jpg,frosty landscape reflection,frosty-landscape-reflection.jpg
image-439.jpg,woman with white tiger,woman-with-white-tiger.jpg
image-44.jpg,secluded beach cove,secluded-beach-cove.jpg
image-440.jpg,sunset over rolling hills,sunset-over-rolling-hills.jpg
image-441.jpg,mystical forest pathway,mystical-forest-pathway.jpg
image-442.jpg,mountain landscape with lakes,mountain-landscape-with-lakes.jpg
image-443.jpg,moonlit forest valley,moonlit-forest-valley.jpg
image-444.jpg,mountain landscape with clouds,mountain-landscape-with-clouds.jpg
image-445.jpg,waterfall in autumn forest,waterfall-in-autumn-forest.jpg
image-446.jpg,misty sunrise over mountains,misty-sunrise-over-mountains.jpg
image-447.jpg,rugged coastal landscape,rugged-coastal-landscape.jpg
image-448.jpg,mountain landscape at sunset,mountain-landscape-at-sunset-1.jpg
image-449.jpg,waterfall with mist,waterfall-with-mist.jpg
image-45.jpg,aerial view of beach,aerial-view-of-beach.jpg
image-450.jpg,mystical forest with lantern,mystical-forest-with-lantern.jpg
image-451.jpg,person with flashlight at night,person-with-flashlight-at-night.jpg
image-452.jpg,shooting star in night sky,shooting-star-in-night-sky.jpg
image-453.jpg,ancient sprawling oak tree,ancient-sprawling-oak-tree.jpg
image-454.jpg,sunset over ocean waves,sunset-over-ocean-waves-1.jpg
image-455.jpg,sunset reflection at beach,sunset-reflection-at-beach.jpg
image-456.jpg,sailboat under starry sky,sailboat-under-starry-sky.jpg
image-457.jpg,ancient sprawling tree,ancient-sprawling-tree.jpg
image-458.jpg,nebula in deep space,nebula-in-deep-space.jpg
image-459.jpg,close-up of owl,close-up-of-owl.jpg
image-46.jpg,tropical beach scene,tropical-beach-scene.jpg
image-460.jpg,owl on tree trunk,owl-on-tree-trunk.jpg
image-461.jpg,owl perched on branch,owl-perched-on-branch.jpg
image-462.jpg,moonlit mountain landscape,moonlit-mountain-landscape.jpg
image-463.jpg,Miami skyline at sunrise,miami-skyline-at-sunrise.jpg
image-464.jpg,sunset over calm lake,sunset-over-calm-lake.jpg
image-465.jpg,paper boat at sunset,paper-boat-at-sunset.jpg
image-466.jpg,colorful parrot with wings spread,colorful-parrot-with-wings-spread.jpg
image-467.jpg,tulip garden pathway,tulip-garden-pathway.jpg
image-468.jpg,peacock close up,peacock-close-up.jpg
image-469.jpg,peacock feather close-up,peacock-feather-close-up.jpg
image-47.jpg,tropical beach at sunset,tropical-beach-at-sunset.jpg
image-470.jpg,couple holding hands sunset,couple-holding-hands-sunset.jpg
image-471.jpg,person sitting on rock,person-sitting-on-rock.jpg
image-472.jpg,couple in snowfall embrace,couple-in-snowfall-embrace.jpg
image-473.jpg,cute pets on pink background,cute-pets-on-pink-background.jpg
image-474.jpg,foggy lake dock,foggy-lake-dock.jpg
image-475.jpg,pier at dawn,pier-at-dawn.jpg
image-476.jpg,pink cherry blossom flowers,pink-cherry-blossom-flowers-1.jpg
image-477.jpg,sunlit rural landscape,sunlit-rural-landscape.jpg
image-478.jpg,planet sunrise in space,planet-sunrise-in-space.jpg
image-479.jpg,succulent plant in pot,succulent-plant-in-pot.jpg
image-48.jpg,sunset over ocean waves,sunset-over-ocean-waves-2.jpg
image-480.jpg,lighthouse at twilight,lighthouse-at-twilight.jpg
image-481.jpg,colorful feather close-up,colorful-feather-close-up.jpg
image-482.jpg,tropical island with boat,tropical-island-with-boat.jpg
image-483.jpg,poppy flowers at sunset,poppy-flowers-at-sunset.jpg
image-484.jpg,red poppy in white field,red-poppy-in-white-field.jpg
image-485.jpg,red poppy in meadow,red-poppy-in-meadow.jpg
image-486.jpg,indoor plants on windowsill,indoor-plants-on-windowsill.jpg
image-487.jpg,winding river at sunset,winding-river-at-sunset.jpg
image-488.jpg,white puppy on wood,white-puppy-on-wood.jpg
image-489.jpg,cavalier king charles spaniel,cavalier-king-charles-spaniel.jpg
image-49.jpg,sunset over mangrove beach,sunset-over-mangrove-beach.jpg
image-490.jpg,purple and white blossoms,purple-and-white-blossoms.jpg
image-491.jpg,pyramids at sunset,pyramids-at-sunset.jpg
image-492.jpg,snowy mountain range aerial,snowy-mountain-range-aerial.jpg
image-493.jpg,cute brown rabbit,cute-brown-rabbit.jpg
image-494.jpg,rabbit in green grass,rabbit-in-green-grass.jpg
image-495.jpg,rabbit in green grass,rabbit-in-green-grass-1.jpg
image-496.jpg,railway tracks in landscape,railway-tracks-in-landscape.jpg
image-497.jpg,railway tracks at sunset,railway-tracks-at-sunset.jpg
image-498.jpg,autumn forest railway tracks,autumn-forest-railway-tracks.jpg
image-499.jpg,rainbow over ocean waves,rainbow-over-ocean-waves.jpg
image-5.jpg,mountain lake at sunset,mountain-lake-at-sunset.jpg
image-50.jpg,tropical beach landscape,tropical-beach-landscape.jpg
image-500.jpg,ladybug on dewy leaf,ladybug-on-dewy-leaf.jpg
image-501.jpg,sunlight through forest stream,sunlight-through-forest-stream.jpg
image-502.jpg,reading by the lake,reading-by-the-lake.jpg
image-503.jpg,red fox close-up,red-fox-close-up.jpg
image-504.jpg,sunset over river landscape,sunset-over-river-landscape.jpg
image-505.jpg,sunset over river valley,sunset-over-river-valley.jpg
image-506.jpg,waterfall in forest rocks,waterfall-in-forest-rocks.jpg
image-507.jpg,open road under clouds,open-road-under-clouds.jpg
image-508.jpg,autumn forest path,autumn-forest-path.jpg
image-509.jpg,autumn forest path,autumn-forest-path-1.jpg
image-51.jpg,sunset over ocean waves,sunset-over-ocean-waves-3.jpg
image-510.jpg,deserted road at sunset,deserted-road-at-sunset.jpg
image-511.jpg,sunset over winding road,sunset-over-winding-road.jpg
image-512.jpg,stacked white stones beach,stacked-white-stones-beach.jpg
image-513.jpg,rocky coastline at sunset,rocky-coastline-at-sunset.jpg
image-514.jpg,rock cairn at sunset,rock-cairn-at-sunset.jpg
image-515.jpg,fallow deer in autumn,fallow-deer-in-autumn.jpg
image-516.jpg,blue rose with droplets,blue-rose-with-droplets.jpg
image-517.jpg,red rose on black,red-rose-on-black.jpg
image-518.jpg,colorful rose with droplets,colorful-rose-with-droplets.jpg
image-519.jpg,orange and yellow roses,orange-and-yellow-roses.jpg
image-52.jpg,family at beach shore,family-at-beach-shore.jpg
image-520.jpg,pink rose blossom,pink-rose-blossom.jpg
image-521.jpg,red rose with droplets,red-rose-with-droplets.jpg
image-522.jpg,pink rose petals background,pink-rose-petals-background.jpg
image-523.jpg,pink roses on bench,pink-roses-on-bench.jpg
image-524.jpg,pink roses on wood,pink-roses-on-wood.jpg
image-525.jpg,sailing ship in stormy sky,sailing-ship-in-stormy-sky.jpg
image-526.jpg,grilled salmon with salad,grilled-salmon-with-salad.jpg
image-527.jpg,salt farmers at sunset,salt-farmers-at-sunset.jpg
image-528.jpg,Christmas gnome in snow,christmas-gnome-in-snow.jpg
image-529.jpg,lighthouse at sunset,lighthouse-at-sunset-2.jpg
image-53.jpg,ocean waves and cliffs,ocean-waves-and-cliffs.jpg
image-530.jpg,Santorini coastal view,santorini-coastal-view.jpg
image-531.jpg,mountain lake panorama,mountain-lake-panorama.jpg
image-532.jpg,mountain lake panorama,mountain-lake-panorama-1.jpg
image-533.jpg,clouds over calm sea,clouds-over-calm-sea.jpg
image-534.jpg,dramatic sunset over water,dramatic-sunset-over-water.jpg
image-535.jpg,coastal rock formation sunset,coastal-rock-formation-sunset.jpg
image-536.jpg,sea turtle swimming underwater,sea-turtle-swimming-underwater.jpg
image-537.jpg,colorful sunset over ocean,colorful-sunset-over-ocean.jpg
image-538.jpg,seashells and starfish on sand,seashells-and-starfish-on-sand.jpg
image-539.jpg,mysterious forest pathway,mysterious-forest-pathway.jpg
image-54.jpg,ocean waves crashing shore,ocean-waves-crashing-shore.jpg
image-540.jpg,waterfall in green landscape,waterfall-in-green-landscape.jpg
image-541.jpg,curious sheep close-up,curious-sheep-close-up.jpg
image-542.jpg,stormy sea with ship,stormy-sea-with-ship.jpg
image-543.jpg,children playing together,children-playing-together.jpg
image-544.jpg,orange butterflies on flowers,orange-butterflies-on-flowers.jpg
image-545.jpg,clouds with sunlight rays,clouds-with-sunlight-rays.jpg
image-546.jpg,hot air balloons at sunrise,hot-air-balloons-at-sunrise-1.jpg
image-547.jpg,cloudy blue sky,cloudy-blue-sky.jpg
image-548.jpg,fluffy white clouds,fluffy-white-clouds-2.jpg
image-549.jpg,golden clouds with sunlight,golden-clouds-with-sunlight.jpg
image-55.jpg,sunset over ocean waves,sunset-over-ocean-waves-4.jpg
image-550.jpg,skyscrapers under blue sky,skyscrapers-under-blue-sky.jpg
image-551.jpg,horses pulling sleigh in snow,horses-pulling-sleigh-in-snow.jpg
image-552.jpg,snowy mountain landscape,snowy-mountain-landscape.jpg
image-553.jpg,snowfall in pastel light,snowfall-in-pastel-light.jpg
image-554.jpg,snowflake on blue background,snowflake-on-blue-background.jpg
image-555.jpg,snowflakes on dark background,snowflakes-on-dark-background.jpg
image-556.jpg,snowman in winter scene,snowman-in-winter-scene.jpg
image-557.jpg,frozen soap bubble on snow,frozen-soap-bubble-on-snow.jpg
image-558.jpg,colorful cosmic nebula,colorful-cosmic-nebula.jpg
image-559.jpg,brick wall with plant,brick-wall-with-plant.jpg
image-56.jpg,tropical beach with waves,tropical-beach-with-waves.jpg
image-560.jpg,water splash close-up,water-splash-close-up.jpg
image-561.jpg,water splash close-up,water-splash-close-up-1.jpg
image-562.jpg,woman in garden with flowers,woman-in-garden-with-flowers.jpg
image-563.jpg,blue tit on flowering branch,blue-tit-on-flowering-branch.jpg
image-564.jpg,colorful flower bouquet,colorful-flower-bouquet.jpg
image-565.jpg,deer with floral crown,deer-with-floral-crown.jpg
image-566.jpg,seashells and starfish on sand,seashells-and-starfish-on-sand-1.jpg
image-567.jpg,starry night sky,starry-night-sky-2.jpg
image-568.jpg,starry night sky,starry-night-sky-3.jpg
image-569.jpg,starry night sky,starry-night-sky-4.jpg
image-57.jpg,ocean waves and sand,ocean-waves-and-sand.jpg
image-570.jpg,colorful pebbles background,colorful-pebbles-background.jpg
image-571.jpg,colorful stacked stones,colorful-stacked-stones.jpg
image-572.jpg,stacked stones with bamboo,stacked-stones-with-bamboo.jpg
image-573.jpg,sunlight through misty forest,sunlight-through-misty-forest.jpg
image-574.jpg,sunflower at sunset,sunflower-at-sunset.jpg
image-575.jpg,sunflower in bloom,sunflower-in-bloom.jpg
image-576.jpg,sunflower field in bloom,sunflower-field-in-bloom.jpg
image-577.jpg,sunset over calm sea,sunset-over-calm-sea-1.jpg
image-578.jpg,sunset over wooden pier,sunset-over-wooden-pier.jpg
image-579.jpg,fiery sunset sky,fiery-sunset-sky.jpg
image-58.jpg,sunset over ocean waves,sunset-over-ocean-waves-5.jpg
image-580.jpg,silhouette at sunset,silhouette-at-sunset.jpg
image-581.jpg,sunset over ocean,sunset-over-ocean.jpg
image-582.jpg,sunset over ocean waves,sunset-over-ocean-waves-6.jpg
image-583.jpg,silhouettes jumping at sunset,silhouettes-jumping-at-sunset.jpg
image-584.jpg,sailing ship at sunset,sailing-ship-at-sunset.jpg
image-585.jpg,poppy field at sunset,poppy-field-at-sunset.jpg
image-586.jpg,sunset behind trees,sunset-behind-trees.jpg
image-587.jpg,solitary tree at sunset,solitary-tree-at-sunset.jpg
image-588.jpg,tropical sunset silhouette,tropical-sunset-silhouette.jpg
image-589.jpg,silhouette of teamwork at sunset,silhouette-of-teamwork-at-sunset.jpg
image-59.jpg,ocean wave at sunset,ocean-wave-at-sunset.jpg
image-590.jpg,sunset over trees,sunset-over-trees.jpg
image-591.jpg,sunset over snowy landscape,sunset-over-snowy-landscape.jpg
image-592.jpg,sunset with orange sky,sunset-with-orange-sky.jpg
image-593.jpg,cat silhouette at sunset,cat-silhouette-at-sunset.jpg
image-594.jpg,island at sunset reflections,island-at-sunset-reflections.jpg
image-595.jpg,lighthouse at sunset,lighthouse-at-sunset-3.jpg
image-596.jpg,man walking at sunset,man-walking-at-sunset.jpg
image-597.jpg,solitary tree at sunset,solitary-tree-at-sunset-1.jpg
image-598.jpg,sunset over mountains,sunset-over-mountains-1.jpg
image-599.jpg,sunset over mountains,sunset-over-mountains-2.jpg
image-6.jpg,mountain cabin landscape view,mountain-cabin-landscape-view.jpg
image-60.jpg,autumn park benches,autumn-park-benches.jpg
image-600.jpg,kayakers at sunset,kayakers-at-sunset.jpg
image-601.jpg,sunset over ocean waves,sunset-over-ocean-waves-7.jpg
image-602.jpg,colorful sunset clouds,colorful-sunset-clouds.jpg
image-603.jpg,golden sunset reflection on water,golden-sunset-reflection-on-water.jpg
image-604.jpg,ocean wave close up,ocean-wave-close-up.jpg
image-605.jpg,water droplets on glass,water-droplets-on-glass.jpg
image-606.jpg,white swan on water,white-swan-on-water.jpg
image-607.jpg,swan on shimmering water,swan-on-shimmering-water.jpg
image-608.jpg,white swan on water,white-swan-on-water-1.jpg
image-609.jpg,swan with cygnet on water,swan-with-cygnet-on-water.jpg
image-61.jpg,bicycle with flower basket,bicycle-with-flower-basket.jpg
image-610.jpg,swans on calm water,swans-on-calm-water.jpg
image-611.jpg,swimmer on rainy road,swimmer-on-rainy-road.jpg
image-612.jpg,stormy sunset reflection,stormy-sunset-reflection.jpg
image-613.jpg,stormy sky with lightning,stormy-sky-with-lightning.jpg
image-614.jpg,stormy sky with lightning,stormy-sky-with-lightning-1.jpg
image-615.jpg,sunset over city skyline,sunset-over-city-skyline.jpg
image-616.jpg,tiger resting on rock,tiger-resting-on-rock.jpg
image-617.jpg,tiger in snowy landscape,tiger-in-snowy-landscape.jpg
image-618.jpg,tiger walking in shadows,tiger-walking-in-shadows.jpg
image-619.jpg,tiger swimming in water,tiger-swimming-in-water.jpg
image-62.jpg,sparrow on tree branch,sparrow-on-tree-branch.jpg
image-620.jpg,tiger close up portrait,tiger-close-up-portrait.jpg
image-621.jpg,tiger roaring in profile,tiger-roaring-in-profile.jpg
image-622.jpg,fresh spinach leaves in bowl,fresh-spinach-leaves-in-bowl.jpg
image-623.jpg,Tower Bridge at Sunset,tower-bridge-at-sunset.jpg
image-624.jpg,vintage steam train journey,vintage-steam-train-journey.jpg
image-625.jpg,autumn tree in field,autumn-tree-in-field.jpg
image-626.jpg,silhouette of tree at sunset,silhouette-of-tree-at-sunset.jpg
image-627.jpg,tree in open field,tree-in-open-field.jpg
image-628.jpg,tree trunk by water,tree-trunk-by-water.jpg
image-629.jpg,lone tree at sunset,lone-tree-at-sunset.jpg
image-63.jpg,bird feeding on berries,bird-feeding-on-berries.jpg
image-630.jpg,cat silhouette moonlight,cat-silhouette-moonlight.jpg
image-631.jpg,tree silhouette at night,tree-silhouette-at-night.jpg
image-632.jpg,lonely tree under stars,lonely-tree-under-stars.jpg
image-633.jpg,lone tree in field,lone-tree-in-field.jpg
image-634.jpg,lone tree on hill,lone-tree-on-hill.jpg
image-635.jpg,tree in poppy field,tree-in-poppy-field.jpg
image-636.jpg,tree reflection at night,tree-reflection-at-night.jpg
image-637.jpg,cat silhouette at sunset,cat-silhouette-at-sunset-1.jpg
image-638.jpg,twisted trees in winter,twisted-trees-in-winter.jpg
image-639.jpg,tree in calm water,tree-in-calm-water.jpg
image-64.jpg,kingfisher perched on branch,kingfisher-perched-on-branch-1.jpg
image-640.jpg,autumn tree and bench,autumn-tree-and-bench.jpg
image-641.jpg,mystical forest light,mystical-forest-light.jpg
image-642.jpg,misty forest road,misty-forest-road.jpg
image-643.jpg,tree-lined pathway,tree-lined-pathway.jpg
image-644.jpg,sunlight through forest trees,sunlight-through-forest-trees-1.jpg
image-645.jpg,mystical tree lined road,mystical-tree-lined-road.jpg
image-646.jpg,sunlight through trees,sunlight-through-trees.jpg
image-647.jpg,mysterious mountain landscape,mysterious-mountain-landscape.jpg
image-648.jpg,underwater ocean scene,underwater-ocean-scene.jpg
image-649.jpg,colorful cosmic nebula,colorful-cosmic-nebula-1.jpg
image-65.jpg,nuthatch on blooming branch,nuthatch-on-blooming-branch.jpg
image-650.jpg,heart shaped coffee cup,heart-shaped-coffee-cup.jpg
image-651.jpg,fresh vegetables in basket,fresh-vegetables-in-basket.jpg
image-652.jpg,woman reading magazine indoors,woman-reading-magazine-indoors.jpg
image-653.jpg,coastal village at dusk,coastal-village-at-dusk.jpg
image-654.jpg,misty sunrise over village,misty-sunrise-over-village.jpg
image-655.jpg,lion profile in black and white,lion-profile-in-black-and-white.jpg
image-656.jpg,dew drops on leaves,dew-drops-on-leaves.jpg
image-657.jpg,water droplet splash,water-droplet-splash-1.jpg
image-658.jpg,clear blue water surface,clear-blue-water-surface.jpg
image-659.jpg,clear blue water surface,clear-blue-water-surface-1.jpg
image-66.jpg,bird among pink flowers,bird-among-pink-flowers.jpg
image-660.jpg,water drop ripple effect,water-drop-ripple-effect-2.jpg
image-661.jpg,rippling water surface,rippling-water-surface-1.jpg
image-662.jpg,pink water lily blossom,pink-water-lily-blossom.jpg
image-663.jpg,red water lily blossom,red-water-lily-blossom.jpg
image-664.jpg,flower crown portrait,flower-crown-portrait.jpg
image-665.jpg,fruit heart arrangement,fruit-heart-arrangement.jpg
image-666.jpg,crashing ocean wave,crashing-ocean-wave.jpg
image-667.jpg,crashing ocean waves,crashing-ocean-waves.jpg
image-668.jpg,crashing ocean waves,crashing-ocean-waves-1.jpg
image-669.jpg,blue wave in ocean,blue-wave-in-ocean.jpg
image-67.jpg,bird in flight over water,bird-in-flight-over-water.jpg
image-670.jpg,blue wave in ocean,blue-wave-in-ocean-1.jpg
image-671.jpg,crashing ocean waves,crashing-ocean-waves-2.jpg
image-672.jpg,white horse in field,white-horse-in-field.jpg
image-673.jpg,white horse in snow,white-horse-in-snow.jpg
image-674.jpg,eagle diving for fish,eagle-diving-for-fish.jpg
image-675.jpg,winding road at sunset,winding-road-at-sunset.jpg
image-676.jpg,sparkling snow texture,sparkling-snow-texture.jpg
image-677.jpg,bird on wooden post,bird-on-wooden-post.jpg
image-678.jpg,snowy pine branch,snowy-pine-branch.jpg
image-679.jpg,sunset over snowy landscape,sunset-over-snowy-landscape-1.jpg
image-68.jpg,snowy owl in winter,snowy-owl-in-winter.jpg
image-680.jpg,snowy landscape at sunset,snowy-landscape-at-sunset.jpg
image-681.jpg,misty morning landscape,misty-morning-landscape.jpg
image-682.jpg,sunset over snowy lake,sunset-over-snowy-lake.jpg
image-683.jpg,gray wolf portrait,gray-wolf-portrait.jpg
image-69.jpg,serene sunset over water,serene-sunset-over-water.jpg
image-7.jpg,snowy mountain peak,snowy-mountain-peak-1.jpg
image-70.jpg,mountain lake with boats,mountain-lake-with-boats.jpg
image-71.jpg,sunset over marina,sunset-over-marina-1.jpg
image-72.jpg,magical book landscape,magical-book-landscape.jpg
image-73.jpg,children reading in forest,children-reading-in-forest.jpg
image-74.jpg,dramatic ocean sunset,dramatic-ocean-sunset.jpg
image-75.jpg,pink ranunculus bouquet,pink-ranunculus-bouquet.jpg
image-76.jpg,purple flower bouquet,purple-flower-bouquet.jpg
image-77.jpg,monk washing in river,monk-washing-in-river.jpg
image-78.jpg,boy with lantern at night,boy-with-lantern-at-night.jpg
image-79.jpg,monks collecting water in stream,monks-collecting-water-in-stream.jpg
image-8.jpg,purple flower in bloom,purple-flower-in-bloom.jpg
image-80.jpg,mystical forest bridge,mystical-forest-bridge.jpg
image-81.jpg,wooden bridge in garden,wooden-bridge-in-garden.jpg
image-82.jpg,wooden bridge in autumn,wooden-bridge-in-autumn.jpg
image-83.jpg,flowering garden with bridge,flowering-garden-with-bridge.jpg
image-84.jpg,wooden bridge in forest,wooden-bridge-in-forest.jpg
image-85.jpg,underwater air bubbles,underwater-air-bubbles.jpg
image-86.jpg,black french bulldog on heart pillow,black-french-bulldog-on-heart-pillow.jpg
image-87.jpg,french bulldog relaxing indoors,french-bulldog-relaxing-indoors.jpg
image-88.jpg,butterflies on flowers,butterflies-on-flowers.jpg
image-89.jpg,butterfly on green leaf,butterfly-on-green-leaf.jpg
image-9.jpg,blue flowers in sunlight,blue-flowers-in-sunlight.jpg
image-90.jpg,butterfly on green leaf,butterfly-on-green-leaf-1.jpg
image-91.jpg,blue butterfly on grass,blue-butterfly-on-grass.jpg
image-92.jpg,blue butterfly on leaf,blue-butterfly-on-leaf.jpg
image-93.jpg,butterfly on red flower,butterfly-on-red-flower.jpg
image-94.jpg,butterfly on red flowers,butterfly-on-red-flowers.jpg
image-95.jpg,butterfly on flower,butterfly-on-flower.jpg
image-96.jpg,butterfly on marigold flower,butterfly-on-marigold-flower.jpg
image-97.jpg,butterfly on yellow flower,butterfly-on-yellow-flower.jpg
image-98.jpg,cacti in decorative pots,cacti-in-decorative-pots.jpg
image-99.jpg,colorful cafe exterior,colorful-cafe-exterior.jpg
jump-ocean.jpg,girl jumping on beach,girl-jumping-on-beach.jpg
jump-over-canyon.jpg,silhouette of person jumping,silhouette-of-person-jumping.jpg
man-women-vertical-water.jpg,underwater couple embrace,underwater-couple-embrace.jpg
mother-child-beach.jpg,mother and child at sunset,mother-and-child-at-sunset.jpg
mother-child-raining-leaf-water.jpg,children playing in rain,children-playing-in-rain.jpg
mountainous-canyon-landscape.jpg,mountain canyon landscape,mountain-canyon-landscape.jpg
person-with-arms-raised.jpg,person with outstretched arms,person-with-outstretched-arms.jpg
redhead-in-nature.jpg,woman in green foliage,woman-in-green-foliage.jpg
snowy-village-at-night.jpg,snowy village at night,snowy-village-at-night-1.jpg
wolf-closeup-snow.jpg,wolf in snowstorm,wolf-in-snowstorm.jpg
wolf-howling-moon.jpg,wolf howling at moon,wolf-howling-at-moon.jpg
wolf-laying-watching.jpg,wolf resting on log,wolf-resting-on-log.jpg
wolf-standing.jpg,wolf standing on hill,wolf-standing-on-hill.jpg
wolves-cloudy.jpg,wolves in misty landscape,wolves-in-misty-landscape.jpg
wolves-in-forest.jpg,wolves in misty forest,wolves-in-misty-forest.jpg
woman-in-flower-field.jpg,woman in sunlit meadow,woman-in-sunlit-meadow.jpg
woman-in-water-with-fan.jpg,woman in water with fan,woman-in-water-with-fan-1.jpg
women-beach-day.jpg,woman walking on beach,woman-walking-on-beach.jpg
women-cat-drawing.jpg,woman and leopard illustration,woman-and-leopard-illustration.jpg
women-horse-leaning.jpg,bride with white horse,bride-with-white-horse.jpg
women-horse.jpg,girl with white horse,girl-with-white-horse.jpg
women-ocean-sun-armside.jpg,silhouette at sunset,silhouette-at-sunset-1.jpg
women-ocean-sun-armsout.jpg,silhouette at sunset,silhouette-at-sunset-2.jpg
women-sitting-beach-sunrise.jpg,meditating by the river,meditating-by-the-river.jpg
wooden-girl-tree-art.jpg,abstract human figure artistry,abstract-human-figure-artistry.jpg
writing-book.jpg,writing in notebook,writing-in-notebook.jpg
